assignment_id,hit_id,worker_id,condition,diversity,I am more creative than \% of humans (before),Increased use of AI computer programs in daily life makes you feel (before),How difficult was it to come up with uses for the last object?,Increased use of AI computer programs in daily life makes you feel (after),How many total objects encountered?,I am more creative than \% of humans (after),Hide Time,Page Load,Technical Issues?
3D3VGR7TAK5Z8ZJGURCB6SDWFO1R3U,371QPA24DLEDRRL0LAYMTU3Q4Z0T1V,AZNIEFUIVB2H0,absent,0.5661742548982492,15,Equally excited and concerned,Somewhat difficult,Equally excited and concerned,4,15,0.0,2024-05-28T14:25:05.350Z,Think of things that might have been used in an emergency in the past.
3VSOLARPKVZT4ZNU0ACPF7D292W93Q,371QPA24DLEDRRL0LAYMTU3Q4Z0T1V,A314XJY8V1YL12,absent,0.5361654273986621,25,More excited than concerned,Somewhat difficult,More excited than concerned,4,30,1.121,2024-05-28T14:25:41.697Z,"I tried to think of things that would be different but useful for the last item, things that would be creative but still possible given the structure of the bottle."
3R6BYFZZPR2EL7LLNLJ5WJOHJVSFXO,371QPA24DLEDRRL0LAYMTU3Q4Z0T1V,A1HWI4N1RJGKYY,generate,0.5164572105890843,54,More concerned than excited,Somewhat difficult,More concerned than excited,4,45,8.266,2024-05-28T14:27:57.894Z,"I was just brainstorming, stream of consciousness "
3GFK2QRXXT77UAN674AA8OJXLZ85W2,371QPA24DLEDRRL0LAYMTU3Q4Z0T1V,A320QA9HJFUOZO,absent,0.5840662499609768,53,Equally excited and concerned,Somewhat easy,More excited than concerned,4,53,27.168,2024-05-28T14:27:55.643Z,"I didn't not have a particular strategy, I just tried to think of alternative uses based on the object and its appearance and properties."
3KIBXJ1WDPK27KZ7N5N6TJPTFN3OKT,371QPA24DLEDRRL0LAYMTU3Q4Z0T1V,A2BW6WD7LZ9EGV,absent,0.5446209505091448,54,Equally excited and concerned,Somewhat difficult,Equally excited and concerned,4,48,0.0,2024-05-28T14:29:06.038Z,"I took into account it's shape, hollow nature, and the material it was made of."
373ERPL3Y8Y47GHA96I2O5HU9NFTRE,371QPA24DLEDRRL0LAYMTU3Q4Z0T1V,A2GM5BW75YCKKW,absent,0.5545013040519776,50,Equally excited and concerned,Somewhat difficult,Equally excited and concerned,4,50,0.0,2024-05-28T14:31:29.102Z,I just tried to think of ways that I would reuse the object rather than throwing it away.
3K772S5NPS1PT3LAN6HDBFFNJ4VHEG,371QPA24DLEDRRL0LAYMTU3Q4Z0T1V,A1IZ4NX41GKU4X,generate,0.5842624322619926,49,More excited than concerned,Very difficult,More excited than concerned,4,50,125.249,2024-05-28T14:34:06.542Z,Try to think of ways that I have used it and think it can be used. 
3TY7ZAOG5ZAH437OLKLV3ITBHKO0KG,371QPA24DLEDRRL0LAYMTU3Q4Z0T1V,A22KRF782ELLB0,generate,0.5222621215587326,35,More concerned than excited,Somewhat difficult,More concerned than excited,4,30,0.0,2024-05-28T14:36:58.887Z,"I just tried to think of some creative ideas. I thought back to some of the previous ideas I generated and also some of the AI suggestions and considered them while coming up with new ideas as well. I didn't really have any particular strategy, though."
338JKRMM2QPM3Q4Y71FRFWPWYPWHAK,371QPA24DLEDRRL0LAYMTU3Q4Z0T1V,A35BY30TC8WCL4,coach,0.44734812634262056,15,More excited than concerned,Somewhat difficult,More excited than concerned,4,15,22.484,2024-05-28T14:37:10.120Z,No particular strategy... just (poorly) tried to think of things.
34FNN24DC6ZBJFI6M5SYTL4DW79Y5V,371QPA24DLEDRRL0LAYMTU3Q4Z0T1V,A27HVVLSZZ13XK,coach,0.6517046769128707,33,More excited than concerned,Somewhat difficult,More excited than concerned,4,33,0.0,2024-05-28T14:37:38.957Z,I just tried to think of different ways it could be used.
317HQ483IRITJ497MN2H1EABX9BINZ,371QPA24DLEDRRL0LAYMTU3Q4Z0T1V,A2HM35CWB7IIFM,generate,0.6194634593609303,59,Equally excited and concerned,Somewhat easy,Equally excited and concerned,4,54,0.0,2024-05-28T14:36:21.051Z,"I tried to come up with diverse ideas and give explanations. I tried to think outside the box, not thinking of the pants as a garment, for instance. I visualized the object and considered its shape and features, such as pockets and a pair of legs."
3OVR4I9US99KEUNKHQSUB7VXX2Y4QU,371QPA24DLEDRRL0LAYMTU3Q4Z0T1V,A39C1BN9ZSQ0R2,generate,0.581050290009053,20,More concerned than excited,Very difficult,More concerned than excited,4,20,154.26000000000002,2024-05-28T14:39:34.265Z,Just try to think what you could make out of old fabric. It wasn't easy as my mind was blanking after the first couple of obvious answers.
38SKSKU7RLN3V46MAAM2OM6MSEAILW,371QPA24DLEDRRL0LAYMTU3Q4Z0T1V,A264NN7JBX4UDQ,coach,0.5124042407693516,75,More excited than concerned,Somewhat difficult,More excited than concerned,3,73,1141.277,2024-05-28T14:28:18.975Z,to find out the use of the product
39PAAFCOD6QW0NYRIQNCP26XUTTVTA,371QPA24DLEDRRL0LAYMTU3Q4Z0T1V,A2WNW8A4MOR7T7,absent,0.6138528953331807,66,More excited than concerned,Somewhat easy,More excited than concerned,4,70,0.0,2024-05-28T14:39:49.921Z,just  be creative and think of good uses
3AAJC4I4F0IJV47W7TYB82WKK29JZU,371QPA24DLEDRRL0LAYMTU3Q4Z0T1V,A2F0X4LN9N4O4C,generate,0.537091857152962,71,More excited than concerned,Very difficult,More excited than concerned,4,23,0.0,2024-05-28T14:45:42.977Z,I tried to think of things that I personally would be able to use the bottle for.
3CP1TO84PDRLIUPZTKL3KH38HSG25K,371QPA24DLEDRRL0LAYMTU3Q4Z0T1V,AU2NVT51E749C,generate,0.5337876724724084,63,Equally excited and concerned,Somewhat difficult,Equally excited and concerned,5,53,0.0,2024-05-28T14:46:44.764Z,I tried to use some of the ideas I had come up with previous items that might convey. Then I just imagined myself using the object in creative ways.
3HMIGG0U45WU6X18K3Z155E4YX8Y8V,371QPA24DLEDRRL0LAYMTU3Q4Z0T1V,A207IHY6GERCFO,absent,0.5181047431773684,54,More excited than concerned,Somewhat difficult,More excited than concerned,4,54,5.977,2024-05-28T14:47:56.125Z,use brain
3G5W44VEUR8EF7I9ZMAYOAGRO1GGK2,371QPA24DLEDRRL0LAYMTU3Q4Z0T1V,A2SWQM5X54P1O5,coach,0.5144764472541656,74,Equally excited and concerned,Somewhat easy,Equally excited and concerned,4,50,52.375,2024-05-28T14:48:29.162Z,I wnted to think of something new that I hadn't mentioned in the previous questions
36TFCYNS4O0YZ3CRIB75Z40UZA8XH7,371QPA24DLEDRRL0LAYMTU3Q4Z0T1V,A3D9L5CQXK1YJL,generate,0.572428537907685,28,Equally excited and concerned,Very difficult,Equally excited and concerned,3,11,0.0,2024-05-28T14:48:59.888Z,"I just tried to think outside the box, which I was not very good at."
3K3R2QNK8VTD3T0DFU8Q2G32MFG9UY,371QPA24DLEDRRL0LAYMTU3Q4Z0T1V,A26MRON9XGPVB5,coach,0.5644481500378173,75,More excited than concerned,Somewhat difficult,More excited than concerned,4,75,303.12,2024-05-28T14:48:07.165Z,"I thought about the overall shape and size of the object. It was a table with four legs, so the potential uses were somewhat limited."
30OG32W0SE1H3Z7LQ4CQGZCJ5G5NEW,371QPA24DLEDRRL0LAYMTU3Q4Z0T1V,A183WYXN12P2TJ,coach,0.5186684594884678,56,Equally excited and concerned,Somewhat difficult,Equally excited and concerned,4,58,82.92299999999999,2024-05-28T14:57:05.173Z,"I just came up with things off the top of my head, thinking of unusual uses."
3ZAZR5XV0L8WNQ1QX1HPLYJPUI3CZC,371QPA24DLEDRRL0LAYMTU3Q4Z0T1V,A3K0TCD0S67NV7,coach,0.5808298817964795,30,More concerned than excited,Somewhat difficult,More concerned than excited,3,28,1.803,2024-05-28T14:59:04.873Z,I just thought about possible uses.
3TXD01ZLDO7C6NU1YZCZL8SM0N1U4M,371QPA24DLEDRRL0LAYMTU3Q4Z0T1V,AURYD2FH3FUOQ,absent,0.569756967112377,6,More concerned than excited,Very difficult,More concerned than excited,4,7,6.452,2024-05-28T14:59:59.401Z,Think about it and look around me.
3MHW492WWK3SNS879TM03OB50L2MV5,371QPA24DLEDRRL0LAYMTU3Q4Z0T1V,A1XAOEDK0Y2KBT,generate,0.5876922318978398,55,Equally excited and concerned,Somewhat difficult,Equally excited and concerned,4,54,0.0,2024-05-28T15:09:52.512Z,I just tried to open my mind to any other uses for those very ordinary objects.
33OOO72IV1B01ESRR9S7ZAI89MKTCG,371QPA24DLEDRRL0LAYMTU3Q4Z0T1V,A1CF6U3GF7DZEJ,absent,0.542030431103973,50,Equally excited and concerned,Somewhat easy,Equally excited and concerned,5,52,4.209,2024-05-28T15:19:36.370Z,I thought and thought
3RRCEFRB762XAOLVY8V4GI0YB23B4V,371QPA24DLEDRRL0LAYMTU3Q4Z0T1V,A2FBT0BSFOV91D,absent,0.5547015161066329,81,Equally excited and concerned,Very easy,Equally excited and concerned,4,80,161.784,2024-05-28T15:18:56.671Z,I used my creative thinking.
35GMH2SV3Y7ZLK7XRJC3VOCOVQ7OE9,371QPA24DLEDRRL0LAYMTU3Q4Z0T1V,AETIZKQNUSBLB,absent,0.7095758251195567,24,More excited than concerned,Somewhat difficult,More excited than concerned,5,29,0.0,2024-05-28T15:38:39.661Z,I didn't have a strategy
3OCHAWUVG8AP1TDZOWA2CWGMRRJXKI,371QPA24DLEDRRL0LAYMTU3Q4Z0T1V,A2U5QPXLKKSDWY,generate,0.5341197789638233,24,Equally excited and concerned,Very difficult,Equally excited and concerned,5,20,0.0,2024-05-28T15:40:34.960Z,Looking around the house and outside my window
39PAAFCOD6QW0NYRIQNCP26XUT2TVH,371QPA24DLEDRRL0LAYMTU3Q4Z0T1V,A31Z5TPD8QKE26,absent,0.5118143956087173,40,More concerned than excited,Somewhat difficult,More concerned than excited,4,30,0.0,2024-05-28T15:41:26.391Z,I didn't worry about coming up with lots of generic ideas.  I wanted to only create a few unique ideas.
3IJXV6UZ1H9EY21ZFUJYAYFLY65IRS,371QPA24DLEDRRL0LAYMTU3Q4Z0T1V,A14W0AXTJ3R19V,generate,0.5749900826878164,49,More excited than concerned,Somewhat easy,More excited than concerned,4,52,20.151999999999997,2024-05-28T15:43:20.429Z,I just thought about different ways that I would repurpose or use it personally. 
34PGFRQON81F192RW6E49Y2230FWJR,371QPA24DLEDRRL0LAYMTU3Q4Z0T1V,A38DXFI1TZA295,coach,0.4315936483902276,69,More concerned than excited,Somewhat difficult,More concerned than excited,4,69,0.0,2024-05-28T15:54:01.720Z,Try to think outside the box and imagine how the different parts might be used. Think about different scenarios where the parts might be used in a different way than intended.
3LRKMWOKBP7JP89O08SJ9LA3IRZ2Z2,371QPA24DLEDRRL0LAYMTU3Q4Z0T1V,AYCHPTQRYDT7G,generate,0.5613408274156357,42,Equally excited and concerned,Somewhat difficult,Equally excited and concerned,4,42,0.0,2024-05-28T16:02:30.628Z,I just thought about different uses around my house and garage and if they would work in that situation.
39KFRKBFI7LXRPOORKOX2R44D2LOYX,371QPA24DLEDRRL0LAYMTU3Q4Z0T1V,ALCVGNUURF8LQ,generate,0.6952214959989181,20,More concerned than excited,Somewhat difficult,More concerned than excited,4,6,423.599,2024-05-28T15:59:46.572Z,Just think of what I'd do with it
3I02618YAKWYVGGKWJ4NO63HRJ8UPO,371QPA24DLEDRRL0LAYMTU3Q4Z0T1V,A2ELXYKRPPGRPB,coach,0.5776306394228914,77,Equally excited and concerned,Somewhat difficult,Equally excited and concerned,3,68,34.8,2024-05-28T16:07:14.943Z,I just looked at it and went with what came to mind. 
3VSOLARPKVZT4ZNU0ACPF7D292A39Y,371QPA24DLEDRRL0LAYMTU3Q4Z0T1V,A1NZFJHVJ9CNTO,absent,0.5197149205518723,15,Equally excited and concerned,Somewhat easy,Equally excited and concerned,4,14,0.0,2024-05-28T16:09:43.742Z,i just thought about things that it would be useful for as not a bottle
3ZSANO2JCZX6PQZMTBDIXB7P4G6SF9,371QPA24DLEDRRL0LAYMTU3Q4Z0T1V,A230VUDYOCRZ4N,generate,0.6415108523061913,10,More concerned than excited,Somewhat difficult,More concerned than excited,4,10,0.0,2024-05-28T16:20:18.363Z,I just tried to visualize the object and think of what I can do with it.  I had a picture in my mind what I would do.  
3DR23U6WEP4FYCC5N0Y2PYIBUY6ET3,371QPA24DLEDRRL0LAYMTU3Q4Z0T1V,A2UO3QJZNC2VOE,absent,0.4180897197498477,55,Equally excited and concerned,Somewhat difficult,Equally excited and concerned,4,57,48.932,2024-05-28T16:23:43.079Z,JUST THE FIRST THING THAT CAME TO MY MIND
3ND9UOO814SLWZQRZRQHPDFU7PPWLY,371QPA24DLEDRRL0LAYMTU3Q4Z0T1V,A27BUT19WQ6P1O,generate,0.5489959164948977,70,Equally excited and concerned,Somewhat difficult,Equally excited and concerned,4,59,79.699,2024-05-28T16:23:15.241Z,I tried to imagine the table flipped around and different positions to see what other potential uses the item may have.
32Q90QCQ1CBGVTMITRKAO7VFBLFKE3,371QPA24DLEDRRL0LAYMTU3Q4Z0T1V,A1GD3MQELM1R9M,coach,0.511069650561835,60,More concerned than excited,Somewhat easy,More concerned than excited,4,60,0.0,2024-05-28T16:24:14.705Z,First I focused on any use for the materials the object was made of. Next I focused on what could be done with the object without modifing it's current form.
39GHHAVOMZH3S7J7M08LE6JBJ7NJ4Z,371QPA24DLEDRRL0LAYMTU3Q4Z0T1V,A3PYB8Z6FFWSOV,coach,0.47117695378604224,10,More excited than concerned,Very difficult,More excited than concerned,4,0,32.313,2024-05-28T16:32:19.723Z,I did not use any particular strategy.
3D3VGR7TAK5Z8ZJGURCB6SDWFOIR3B,371QPA24DLEDRRL0LAYMTU3Q4Z0T1V,A2FUPODRRCESB,coach,n/a,46,Equally excited and concerned,Somewhat difficult,Equally excited and concerned,4,29,0.0,2024-05-28T16:34:36.467Z,I looked at the object and imagined what it could be used for
3EQHHY4HQCIBXOX6SZ6SMLX9RB25GN,371QPA24DLEDRRL0LAYMTU3Q4Z0T1V,A1PAR1TMKFPKQE,absent,0.6352431021570477,25,More concerned than excited,Very difficult,More concerned than excited,4,15,0.0,2024-05-28T16:35:59.529Z,to some degree how I could conceivably use in current form but also unique
3NPI0JQDA8VJV31VWEEDJAHF85BTP6,371QPA24DLEDRRL0LAYMTU3Q4Z0T1V,A3DZ46U9XRLVBI,coach,0.5083553322397101,75,More concerned than excited,Somewhat difficult,More concerned than excited,4,75,11.328,2024-05-28T16:40:15.155Z,Thinking of things I would realistically want to do with it. Things that would make sense and be useful.
3P59JYT765AN3W0PUG31NX9MXWQ2T1,371QPA24DLEDRRL0LAYMTU3Q4Z0T1V,ACCXC5V05C9R9,generate,0.6463803906876697,80,More concerned than excited,Somewhat easy,More concerned than excited,4,80,0.0,2024-05-28T17:16:07.024Z,"just used my brain and thought and typed, didn't really have a strategy"
3EFE17QCRWVQ3MQSO11I0WJ2KWVHSA,371QPA24DLEDRRL0LAYMTU3Q4Z0T1V,A1S88VQY8G8CNC,coach,0.6653471042194068,59,Equally excited and concerned,Somewhat difficult,Equally excited and concerned,4,54,0.0,2024-05-28T17:27:44.391Z,"since there was only 2 minutes I had to think quickly.  I just tried to use my imagination the best I could.  it wasn't easy.  I just said to myself ""how can I use this sneaker in an interesting way?""  that really was the only strategy I had.  I just tried thinking ""out of the box."" "
37Z929RLGTYG8VHNOVI7EFMQVQQTSW,371QPA24DLEDRRL0LAYMTU3Q4Z0T1V,A3LFVI65XV1T46,coach,0.4833014610091971,39,More excited than concerned,Somewhat difficult,More excited than concerned,4,23,93.774,2024-05-28T17:28:32.861Z,Just try to think of cool things I would want to do with it
3NG53N1RLF90XJ97TG3ISELSUTZ8P7,371QPA24DLEDRRL0LAYMTU3Q4Z0T1V,A3HTLXAPOBCVVO,absent,0.6037699793644047,35,More concerned than excited,Very difficult,More concerned than excited,4,35,0.0,2024-05-28T17:30:33.587Z,I had to work hard to try to be creative.  But I still ended up using it mainly in a garden.  I wanted to strip the tread and use it to apply paint for artwork but I just wasn't sure how I could explain that in just a couple of words
317HQ483IRITJ497MN2H1EABXA4INU,371QPA24DLEDRRL0LAYMTU3Q4Z0T1V,A2I4A4WGWII18Z,generate,0.5710013156748672,75,More concerned than excited,Somewhat easy,More concerned than excited,3,75,0.0,2024-05-28T18:09:34.852Z,"I didn't have a strategy, other than just looking at it and trying to think of things that could be done with the shoe. I think creativity comes to people best when we're not under pressure, so I would say that the hardest part of it was having a time limit and not letting time and just sitting on the question help me come up with some ideas."
3OLF68YTNTR2PUDSCBRRCBDJIBIAFG,371QPA24DLEDRRL0LAYMTU3Q4Z0T1V,A2FCGEU5RTEWG8,generate,0.49620941167874355,75,Equally excited and concerned,Somewhat difficult,Equally excited and concerned,4,70,0.0,2024-05-28T18:10:24.299Z,I just tried to think of something that would make any sort of sense to do with the objects.
3X31TUMD7HCSVYAO231WWNP0BDY1LO,371QPA24DLEDRRL0LAYMTU3Q4Z0T1V,A2OZGNW6THEMJ,coach,0.5108226210959761,19,More excited than concerned,Somewhat easy,More excited than concerned,4,60,0.0,2024-05-28T18:10:30.213Z,I just tried my best to come up with different ideas. I think the AI helped me in a way to help me think of creative ways to use things even if they might seem dumb at first.
3Z7EFSHGNT47IV1BWJT4OD3EMJ2CXE,371QPA24DLEDRRL0LAYMTU3Q4Z0T1V,A1SCNO7L71ITFY,coach,0.5719361572418149,85,Equally excited and concerned,Very easy,Equally excited and concerned,4,86,0.0,2024-05-28T18:31:08.044Z,I used my creativity to come up with things like always. 
3WJ1OXY92U6TAF354XLL2JWXV7B8A3,371QPA24DLEDRRL0LAYMTU3Q4Z0T1V,AUOYNTK0GOFOM,absent,0.7664828000662407,25,More concerned than excited,Very difficult,More excited than concerned,5,34,0.0,2024-05-28T18:57:18.090Z,Just trying to rack my brain for anything I can think of.
3QAPZX2QNO3MNN3YWEFR3M7H0LA206,371QPA24DLEDRRL0LAYMTU3Q4Z0T1V,AU5Y7J1PF0UIT,coach,0.5992092816740047,40,More concerned than excited,Somewhat difficult,More concerned than excited,4,40,0.0,2024-05-28T19:21:39.157Z,I tried to think of things I would personally do or things I had seen in real life. 
3JBT3HLQFSSFHFAU263V5YIWT2LZPI,371QPA24DLEDRRL0LAYMTU3Q4Z0T1V,A2OCP3UDPBH0ME,absent,0.5559753579018505,60,More concerned than excited,Somewhat difficult,More concerned than excited,4,35,22.899,2024-05-28T19:30:16.187Z,I just started typing out ideas that came into my head based on what I thought I could potentially use the object for myself.  
3RKNTXVS36OSREG3SUV8L7GSTLH4AU,371QPA24DLEDRRL0LAYMTU3Q4Z0T1V,ARJ6SPCZJVARE,coach,0.6037303293447362,35,More excited than concerned,Very easy,More excited than concerned,4,31,15.329,2024-05-28T19:38:08.219Z,think about the about options
3C5W7UE9CZGKRHD298NIR98QGXOXMZ,371QPA24DLEDRRL0LAYMTU3Q4Z0T1V,A218S9QMWS15U,coach,0.4825082605625992,18,Equally excited and concerned,Somewhat difficult,Equally excited and concerned,3,23,0.0,2024-05-28T21:04:38.562Z,I just tried to think of different ways the bottle could be filled with things other than liquid.
345LHZDEDHIRORBXYL7GB30GMPU3U3,371QPA24DLEDRRL0LAYMTU3Q4Z0T1V,A3R79CYQ817AV3,coach,0.5179210835239116,76,More excited than concerned,Somewhat difficult,More excited than concerned,3,51,25.532,2024-05-28T21:34:25.307Z,Being careful since the object was glass and the shape of the bottle
3LWJHTCVCWCUCAK917OD2BSOMUTQFU,371QPA24DLEDRRL0LAYMTU3Q4Z0T1V,A8BGHKGBA8O33,absent,0.5925452673140292,60,Equally excited and concerned,Very difficult,Equally excited and concerned,3,55,0.0,2024-05-28T21:39:55.433Z,Thinking of unique and crazy ideas
386PBUZZXZNZQFQSSS720NLM5V3JLH,371QPA24DLEDRRL0LAYMTU3Q4Z0T1V,A1QQ521O3FENPY,generate,0.5005254252055911,51,Equally excited and concerned,Somewhat difficult,Equally excited and concerned,4,51,0.0,2024-05-28T23:38:47.682Z,Imagination
3WZ36BJEVN6HR90LD9WCOQCQR3IBTT,371QPA24DLEDRRL0LAYMTU3Q4Z0T1V,A2W3KKNN3CAY66,coach,0.5394724458064368,34,More concerned than excited,Very difficult,More concerned than excited,4,16,0.0,2024-05-28T23:54:24.095Z,I just tried to think of what a typical shoe could be used for other than wearing it on my foot
3R9WASFE2J63Q2L0O37QT44SRXWFZV,371QPA24DLEDRRL0LAYMTU3Q4Z0T1V,AVOF14300525D,absent,0.5496362609479211,12,More concerned than excited,Very difficult,More concerned than excited,5,6,0.0,2024-05-28T23:59:05.326Z,"I tried to visualize what the bottle could be used for and think ""outside the box,"" but it was very difficult. "
3OWEPKL08T2WUKSB3WYKAPK2JV8N7L,371QPA24DLEDRRL0LAYMTU3Q4Z0T1V,A2EN81T1B3UG8O,coach,0.5361348119714189,25,Equally excited and concerned,Somewhat difficult,Equally excited and concerned,4,25,27.578,2024-05-29T00:32:41.697Z,"I was just trying to come up with anything that felt creative and unique to me, just as ideas or thoughts came to me."
3QFUFYSY9I5NN5XB3AH0Z8RJQ2Y4FD,371QPA24DLEDRRL0LAYMTU3Q4Z0T1V,A3UBB1LJKDQGZP,coach,0.6031020168417942,40,More excited than concerned,Somewhat difficult,More excited than concerned,4,40,0.0,2024-05-29T00:48:20.284Z,I just didn't stop thinking.   I used the ideas that just came to my head rather than overwhelm myself
3RANCT1ZVZ7WRMFADEMMTMYSAIUBUR,371QPA24DLEDRRL0LAYMTU3Q4Z0T1V,A21EZISIJ3JPSW,generate,0.6108801726508081,55,More concerned than excited,Somewhat easy,More concerned than excited,4,55,0.0,2024-05-29T05:03:17.738Z,I tried to think about how I've seen it used and how I might use it to solve different problems. 
3ATPCQ38JS08PLUNH1JF1WKZOOMAYV,371QPA24DLEDRRL0LAYMTU3Q4Z0T1V,A3760PCQD2MPIO,coach,0.63676455430724,64,More concerned than excited,Somewhat difficult,More concerned than excited,4,56,120.17500000000001,2024-05-29T05:22:00.316Z,Thinking of some new use for the object.
304SM51WANUGC9N6O9RMELG4PLHSB0,371QPA24DLEDRRL0LAYMTU3Q4Z0T1V,AHV4U78TUUDKI,absent,0.6307001249233346,50,Equally excited and concerned,Very difficult,Equally excited and concerned,4,40,0.0,2024-05-29T06:12:24.013Z,I just tried to think of anything but it was really hard to do - some were a little odd even for me
37Z929RLGTYG8VHNOVI7EFMQVT5TSH,371QPA24DLEDRRL0LAYMTU3Q4Z0T1V,A2EDI66B0KTBEH,generate,0.5398535951641084,8,More concerned than excited,Somewhat difficult,Equally excited and concerned,4,13,0.0,2024-05-29T10:06:17.345Z,I just wrote whatever popped into my mind.
3R6P78PK741DIQ8WTVOQP13N7IOGTX,371QPA24DLEDRRL0LAYMTU3Q4Z0T1V,A37QFZ8I1TGH2C,coach,0.5789198626083796,55,More concerned than excited,Somewhat difficult,More concerned than excited,5,58,0.0,2024-05-29T11:25:25.138Z,guesses. what would I do with it if I had to. 
38BQUHLA9GQXX8ZA8H0M8WHX4XYOM8,371QPA24DLEDRRL0LAYMTU3Q4Z0T1V,A2M59R65OZRNNX,generate,0.7139572791008634,100,Equally excited and concerned,Somewhat difficult,More concerned than excited,4,83,68.862,2024-05-29T12:16:09.879Z,thinking of things they can be useful for
3GLB5JMZFHL611CZ75OBKXL14XYGDE,371QPA24DLEDRRL0LAYMTU3Q4Z0T1V,A2H8GNSEVUJXYL,coach,0.6198265042759724,52,More concerned than excited,Somewhat easy,More concerned than excited,4,51,0.0,2024-05-29T13:10:26.181Z,look and imagine
3IXEICO79M9BLXJQHIF4DAQYD6P6TT,371QPA24DLEDRRL0LAYMTU3Q4Z0T1V,A1GKEEI844CEKI,absent,0.4981888809813081,74,Equally excited and concerned,Somewhat difficult,More excited than concerned,5,26,604.7540000000001,2024-05-29T13:28:54.206Z,Just trying to be creative and not pick stuff everyone would do.  But it is very hard. 
