assignment_id,hit_id,worker_id,condition,diversity,I am more creative than \% of humans (before),Increased use of AI computer programs in daily life makes you feel (before),How difficult was it to come up with uses for the last object?,Increased use of AI computer programs in daily life makes you feel (after),How many total objects encountered?,I am more creative than \% of humans (after),Hide Time,Page Load,Strategy for last object,Technical Issues?
66a7df3cf0c150fe000b502a,668c95d8d24fe59d1423604a,5f38d818fe44903f26500277,Generate Immediate,0.6209790670403792,86,More excited than concerned,Somewhat easy,More excited than concerned,4,61,0.0,2024-07-29T18:29:12.338Z,Thinking what I�ve seen on Pinterest! ,No
66a7df3f669ec8fa90be279e,668c95d8d24fe59d1423604a,62ac71cec3309a48781684eb,Absent,0.6055291640104965,20,Equally excited and concerned,Very difficult,Equally excited and concerned,4,5,0.881,2024-07-29T18:29:16.887Z,I was kinda looking out the window for inspiration but none was massively coming other than the dog chasing a ball,None
66a7df45c1bf850e86d3e7f2,668c95d8d24fe59d1423604a,5dc486da84799a35fbede98d,Coach Immediate,0.5357292133812044,22,More concerned than excited,Somewhat difficult,More concerned than excited,4,60,0.0,2024-07-29T18:29:42.770Z,same as before try to think of different uses,no
66a7df4aea7d0e90cc8371c0,668c95d8d24fe59d1423604a,59a734ce0c87a000017481ed,Generate Immediate,0.4928382262429742,84,Equally excited and concerned,Somewhat difficult,Equally excited and concerned,4,53,0.0,2024-07-29T18:29:59.681Z,thinking about the shape of it,no
66a7df44c183d5d810af5c8a,668c95d8d24fe59d1423604a,5d9b60eb027b56001220d84e,Absent,0.574264686666944,49,Equally excited and concerned,Somewhat easy,More excited than concerned,4,81,0.0,2024-07-29T18:29:39.922Z,Remembering other uses from the previous objects,no
66a7df784389c1d8cefd3059,668c95d8d24fe59d1423604a,56e87c23eefcff000596f0c1,Absent,0.6944704599614757,12,More concerned than excited,Very difficult,More concerned than excited,4,2,0.0,2024-07-29T18:29:56.798Z,whatever came into my head,no
66a7df43b768592018ffa4c7,668c95d8d24fe59d1423604a,665a09cfc62d40dd7738c79d,Coach Immediate,0.5628897510837974,89,More concerned than excited,Very easy,More concerned than excited,4,82,0.0,2024-07-29T18:29:23.612Z,"none, but it is hard to be creative with such a tight time limit",no
66a7df7082ec9c1086d9f9ee,668c95d8d24fe59d1423604a,66a7a2bb3a673807ec174fef,Coach Immediate,0.5973386380069914,78,More excited than concerned,Somewhat difficult,More excited than concerned,4,76,0.0,2024-07-29T18:29:58.434Z,Trying to think about how I could use it in my home. Visualisation,None
66a7df4905853a7a28a0df8d,668c95d8d24fe59d1423604a,5c7bc8ea5a669300172440fc,Absent,0.4976787224763849,26,More concerned than excited,Somewhat difficult,More concerned than excited,5,22,0.0,2024-07-29T18:30:05.501Z,No particular strategy,No
66a7df816c4c3d996daf69a6,668c95d8d24fe59d1423604a,669cc7abe62938961ef64816,Generate Immediate,0.4238857153463173,50,More concerned than excited,Somewhat difficult,More concerned than excited,5,50,0.0,2024-07-29T18:30:56.220Z,thinking,no
66a7df4d756712acd3705b55,668c95d8d24fe59d1423604a,6093d8553093455cf37b9931,Generate Immediate,0.5296562870144461,13,Equally excited and concerned,Somewhat difficult,Equally excited and concerned,3,13,0.0,2024-07-29T18:29:55.802Z,i tried to think about uses for a thick fabric,the snake game kept restarting
66a7df504f3bda1cbf5de649,668c95d8d24fe59d1423604a,6689aa355de6b153c8c287b7,Absent,0.6191820140781246,80,Equally excited and concerned,Somewhat difficult,Equally excited and concerned,4,40,0.0,2024-07-29T18:29:45.873Z,"I was trying to think about way I could use the pants for different things, and then thought about cutting them up to make cloths. Thought I was more creative than this lol.",No issues.
66a7df60cc7cab9500392dd8,668c95d8d24fe59d1423604a,601e028aea41df251254119a,Generate Immediate,0.6697094077373247,55,More concerned than excited,Somewhat difficult,More concerned than excited,4,54,192.982,2024-07-29T18:29:26.670Z,"Not sure, I just tried hard",It froze on the 4th one before table
66a7df7baa30616b8e8d63c0,668c95d8d24fe59d1423604a,667ac1510f8d00a0bc7867ad,Absent,0.6533115295315688,72,More concerned than excited,Somewhat difficult,More concerned than excited,4,71,0.0,2024-07-29T18:29:48.880Z,"I recycle a lot of items in my home, so I just genuinely thought of thing I would use it for.",none
66a7df47b79ad1488a2e9624,668c95d8d24fe59d1423604a,57587643e8feea0006ef86ae,Absent,0.5850549072124681,36,Equally excited and concerned,Somewhat difficult,Equally excited and concerned,5,35,0.0,2024-07-29T18:30:08.157Z,I thought mostly of things I could do with the fabric,no
66a7df83687ce64e141f56d4,668c95d8d24fe59d1423604a,636cc5fa559ec4d93e272972,Absent,0.46607547248527026,54,Equally excited and concerned,Somewhat difficult,Equally excited and concerned,4,43,4.452,2024-07-29T18:30:35.425Z,just to think of alternative uses,No
66a7df4abeb111fcb192ae47,668c95d8d24fe59d1423604a,5e12202adc79bd8a6c74499b,Generate Immediate,0.4819339620749341,66,More concerned than excited,Somewhat difficult,More concerned than excited,4,63,4.383,2024-07-29T18:30:08.607Z,just thinking whatever came in to my mind and trying to picture it ,no
66a7df874987dbebd10897e5,668c95d8d24fe59d1423604a,6043a1dc4c33ef37c64f0812,Absent,0.6024947672663559,51,More excited than concerned,Somewhat difficult,More excited than concerned,4,32,0.0,2024-07-29T18:30:27.363Z,Didn�t really have one just tried to brainstorm ideas ,No
66a7df46ce124a5d5d9469aa,668c95d8d24fe59d1423604a,5eff07d279c81803541503a8,Absent,0.5537882620300323,52,More concerned than excited,Somewhat difficult,More concerned than excited,3,46,2.532,2024-07-29T18:30:18.863Z,Just thinking of unusual things,no technical issues
66a7df8ae0b53228c9106af0,668c95d8d24fe59d1423604a,5e822890dd6f1a944e1b81d5,Absent,0.5872571577067822,77,More concerned than excited,Very easy,More concerned than excited,4,77,0.0,2024-07-29T18:30:30.721Z,"Come up with whatever, even it didn't make sense",No
66a7df8b4670ca22d22474d8,668c95d8d24fe59d1423604a,665af670c32544bf63236164,Generate Immediate,0.649781789536841,55,Equally excited and concerned,Somewhat difficult,More excited than concerned,4,55,0.0,2024-07-29T18:30:39.512Z,"To think, pretty much.",None
66a7df5ce0b53228c9106ae4,668c95d8d24fe59d1423604a,665c62603bc54d22d1ccba65,Coach Immediate,0.534344489168678,59,More excited than concerned,Somewhat easy,More excited than concerned,3,65,84.895,2024-07-29T18:29:49.413Z,Make them seem very ridiculous and not obvious.,No.
66a7df73d9fd29761e51eda5,668c95d8d24fe59d1423604a,5e716ca3bea4de092aebb04e,Coach Immediate,0.579375378907891,52,Equally excited and concerned,Somewhat difficult,Equally excited and concerned,4,40,147.879,2024-07-29T18:29:54.244Z,Throwing everything at the wall and seeing what stuck,No
66a7df8cd75d9c1ff72727df,668c95d8d24fe59d1423604a,637e7ebca0770b47dc22ea67,Absent,0.6583559530208111,20,More excited than concerned,Somewhat difficult,More excited than concerned,4,20,0.0,2024-07-29T18:30:27.305Z,I did not have any strategy,No
66a7df7cea7d0e90cc8371d1,668c95d8d24fe59d1423604a,5d684f00ce34de0001549b43,Generate Immediate,0.6327921222618618,64,More excited than concerned,Somewhat difficult,More excited than concerned,4,56,0.0,2024-07-29T18:30:23.085Z,Visualizing moving the object around to see what it looked like to inspiration.,No
66a7df83104cdee812514633,668c95d8d24fe59d1423604a,6570824312e21ad0a49858f4,Generate Immediate,0.548558854689778,70,More excited than concerned,Somewhat easy,More excited than concerned,4,80,5.58,2024-07-29T18:30:44.711Z,Think outside of the box,No
66a7df5eaa30616b8e8d63b2,668c95d8d24fe59d1423604a,65d7be48839848c074cdf948,Generate Immediate,0.45544076118493926,12,Equally excited and concerned,Somewhat easy,Equally excited and concerned,4,12,0.0,2024-07-29T18:30:25.464Z,"I didn't have a strategy, I just went with the flow and let the first things that come into my mind work",None
66a7df5128d69ca86e8cbe78,668c95d8d24fe59d1423604a,60f69c70227ff30c0cf55e07,Absent,0.5761608001276483,100,More concerned than excited,Somewhat difficult,More concerned than excited,3,100,0.0,2024-07-29T18:29:27.301Z,Normal thinking,NO
66a7df6fa3fcb0acee5de6a9,668c95d8d24fe59d1423604a,63bf01914983c66626c67b6c,Coach Immediate,0.6545078674768546,24,More concerned than excited,Somewhat difficult,More concerned than excited,3,12,0.0,2024-07-29T18:30:37.451Z,Thinking out of the bottle,No
66a7df913a361ad20528f545,668c95d8d24fe59d1423604a,6697ca000392a810ff98b983,Coach Immediate,0.5611694695203143,59,Equally excited and concerned,Very difficult,Equally excited and concerned,3,59,0.0,2024-07-29T18:30:37.485Z,looking at certain features like pockets and thinking what use they have ,no
66a7df66e255b6a5285145cf,668c95d8d24fe59d1423604a,66897bb75de6b153c8c27dd0,Absent,0.5435359290440666,54,More concerned than excited,Somewhat difficult,More concerned than excited,4,52,2.901,2024-07-29T18:30:37.361Z,"Uses I have had before. Thinking through if I only had that item, what would I do with it",no
66a7df7b95311994cc0c9d88,668c95d8d24fe59d1423604a,6662df0b4cc87eec37c8e85e,Generate Immediate,0.5699106660519697,13,More concerned than excited,Somewhat easy,More concerned than excited,4,12,0.0,2024-07-29T18:30:28.239Z,"I actually found the last one easier, because the first three lots of my ideas where already in the AI section. Meaning I did not enter them in my answers. ",None
66a7df4bc25136617a8d770a,668c95d8d24fe59d1423604a,5f68fe45f544c70bb0f525e6,Absent,0.5872409993330562,70,Equally excited and concerned,Somewhat difficult,Equally excited and concerned,4,60,0.0,2024-07-29T18:30:58.166Z,Just lateral thinking/wild idea thinking. No real plan,"no, but didn't really know how to play snake"
66a7df7fb91f5681a1ffa5b9,668c95d8d24fe59d1423604a,661d922dfbfe9df28b65fe2b,Generate Immediate,0.5686883587425412,13,Equally excited and concerned,Very easy,Equally excited and concerned,4,13,0.0,2024-07-29T18:31:22.659Z,thought about silly things and also practical things that you could use the item for. ,no
66a7df9052d8d21996dd1d23,668c95d8d24fe59d1423604a,63956692bbbcfadf1156c3a2,Coach Immediate,0.5856282494568905,39,More excited than concerned,Very difficult,More excited than concerned,4,30,0.0,2024-07-29T18:31:08.824Z,I flailed around hoping to land on possibilities,No
66a7df8d8e5a446f152cbaa4,668c95d8d24fe59d1423604a,5ee4aab1232e9d1b4d791bae,Generate Immediate,0.6139104047626229,84,More excited than concerned,Somewhat easy,More excited than concerned,4,84,3.247,2024-07-29T18:31:36.831Z,"Think of ideas, no strategy, just esoteric thinking", O
66a7df89756712acd3705b6d,668c95d8d24fe59d1423604a,5d4f3e320ec3cf00019242ad,Absent,0.36510456562613747,40,More concerned than excited,Somewhat easy,More concerned than excited,4,40,0.0,2024-07-29T18:31:01.780Z,Imagining turning it upside down/ on its side etc,No
66a7df512479803072bfbcd7,668c95d8d24fe59d1423604a,60fcb280d58f26d33cb004a6,Generate Immediate,0.6848736107965935,50,Equally excited and concerned,Somewhat easy,Equally excited and concerned,5,50,20.479,2024-07-29T18:30:56.227Z,thinking what other uses the bottle could have,no
66a7df7575d91b56e0272a03,668c95d8d24fe59d1423604a,6138e9d4aa1428328bee7cf3,Generate Immediate,0.4151342088245631,51,Equally excited and concerned,Somewhat difficult,Equally excited and concerned,4,37,0.0,2024-07-29T18:30:52.456Z,just random thoughts - no real strategy but more difficult than practice,the snake game couldn't be started - was that deliberate?
66a7df90790f17e689270704,668c95d8d24fe59d1423604a,5df78b5e01423f525d88cde8,Coach Immediate,0.574309140697637,3,Equally excited and concerned,Very difficult,Equally excited and concerned,4,6,0.0,2024-07-29T18:31:00.096Z,"I found that really hard, I was trying to break it up to see if I could think of something with just parts of it but I hadn't a clue.",no
66a7df7907c122fe8086a743,668c95d8d24fe59d1423604a,5f36f1a0cca76a1549baf6dc,Absent,0.5183243281671359,54,Equally excited and concerned,Somewhat difficult,Equally excited and concerned,5,53,0.0,2024-07-29T18:31:23.877Z,Tried to picture the table at different angles,no
66a7df80c53289f808591d21,668c95d8d24fe59d1423604a,5ebd31a3dc638f1875840598,Absent,0.5566987420256437,93,Equally excited and concerned,Somewhat difficult,Equally excited and concerned,4,75,0.0,2024-07-29T18:31:34.622Z,looking around ,no
66a7df93f650fd14e4d43606,668c95d8d24fe59d1423604a,6658bdf190fec69570a6ad5c,Generate Immediate,0.4109503702964752,52,More concerned than excited,Somewhat difficult,More concerned than excited,4,52,2.716,2024-07-29T18:31:15.024Z,Just random thought,None
66a7dfda7912f52eacee2e4b,668c95d8d24fe59d1423604a,590a3c659e26f200016e144b,Coach Immediate,0.5062981169645742,64,More concerned than excited,Somewhat easy,More concerned than excited,4,68,0.0,2024-07-29T18:31:59.290Z,"I just wondered what a pair of trousers could become, I felt slightly limited by the item.",None.
66a7df9edd9b886351085a59,668c95d8d24fe59d1423604a,614964ed4d5b9991b0fd700d,Absent,0.5032639650630049,20,Equally excited and concerned,Somewhat difficult,Equally excited and concerned,4,20,0.0,2024-07-29T18:32:00.913Z,thinking of all the ways i could use it,none
66a7df499efba12e949335b2,668c95d8d24fe59d1423604a,667c217c67b3071b2f85eecb,Generate Immediate,0.5673179605523516,76,Equally excited and concerned,Somewhat difficult,Equally excited and concerned,3,56,32.628,2024-07-29T18:30:34.787Z,My imagination,yes
66a7df6b68788c1b2eb5f4af,668c95d8d24fe59d1423604a,5ea07f2c55a2bd050fd8f70b,Coach Immediate,0.5360948955444031,100,Equally excited and concerned,Somewhat difficult,Equally excited and concerned,4,55,0.0,2024-07-29T18:31:37.739Z,Any daft things i could think of,no
66a7df88d37cd77efc2faa9a,668c95d8d24fe59d1423604a,65e29490e2b12e6bfa6a34b8,Absent,0.4712812999275685,33,Equally excited and concerned,Somewhat easy,Equally excited and concerned,4,38,11.345,2024-07-29T18:31:35.764Z,just thinking of all the impractical ways i could use it,no
66a7df82687ce64e141f56d1,668c95d8d24fe59d1423604a,66a521b93899f43f84edab93,Absent,0.6085776547624985,25,More concerned than excited,Somewhat easy,More concerned than excited,4,25,0.0,2024-07-29T18:31:41.288Z,trying to think outside the box other than what it was intended to use it for. also how i would use the object in different ways.,none
66a7df50ea7d0e90cc8371c3,668c95d8d24fe59d1423604a,6672db04ba2c1fb145dcf6dc,Generate Immediate,0.5419113492217315,74,More concerned than excited,Somewhat difficult,More concerned than excited,3,79,0.0,2024-07-29T18:31:05.063Z,just imagined it in its current form but maybe decorated with bits added to give it a function,no
66a7dfa448ce842954b3f58d,668c95d8d24fe59d1423604a,669558a60ce070fc6035aed4,Absent,0.4425461326890402,13,Equally excited and concerned,Very difficult,Equally excited and concerned,4,18,101.253,2024-07-29T18:31:32.712Z,things ived done with them before that was odd,n/a
66a7df7d9b89ec9850276ff6,668c95d8d24fe59d1423604a,65563f4cf137044f7feaff1c,Generate Immediate,0.6161628096645504,65,More concerned than excited,Somewhat difficult,More concerned than excited,3,65,0.0,2024-07-29T18:31:54.135Z,I was thinking about ideas I have seen online recently for tire use. ,no
66a7df82a73308e097bfbd3e,668c95d8d24fe59d1423604a,666f0633ccab5a7364baf7c5,Coach Immediate,0.5933506535674085,60,More concerned than excited,Somewhat difficult,More excited than concerned,4,60,0.0,2024-07-29T18:32:15.207Z,"I just thought about all the different things that a table could be used for, thinking about the material and shape and dimensions.",No
66a7df8b26ecdf9f9edc92f1,668c95d8d24fe59d1423604a,66898a7e440be53a07aa70b1,Absent,0.39102669911999816,84,More excited than concerned,Somewhat easy,More concerned than excited,4,88,5.43,2024-07-29T18:32:21.480Z,all was my idea,not at all i did not
66a7df4f8d94ee2f0cb60d8b,668c95d8d24fe59d1423604a,58a4fafd66e4640001c53199,Absent,0.544414156570578,75,More concerned than excited,Very difficult,Equally excited and concerned,4,60,301.5110000000001,2024-07-29T18:29:49.362Z,I tried to think of things that could made with fabric material.,None
66a7df75698ad661d5705bde,668c95d8d24fe59d1423604a,669fadafc89e802ff3519888,Generate Immediate,0.5739552562242634,33,More concerned than excited,Very difficult,More concerned than excited,5,10,0.0,2024-07-29T18:43:55.581Z,Strangely it was so hard to try to come up with less practical uses.  ,No
66a7e0d35594b5a32864e4b2,668c95d8d24fe59d1423604a,66638c2615b4d4ea6bf50baf,Absent,0.49531975024266195,67,More excited than concerned,Somewhat difficult,More excited than concerned,4,69,29.113,2024-07-29T18:37:42.405Z,Gun fights and back yard item.,No
66a7dfef65e020ac0a307cf5,668c95d8d24fe59d1423604a,66912c22d42ca7c3bfa92ca2,Generate Immediate,0.5119066860599583,100,Equally excited and concerned,Very easy,Equally excited and concerned,4,100,0.0,2024-07-29T18:33:07.488Z,things i would do,no
66a7df8bc53289f808591d27,668c95d8d24fe59d1423604a,5ec28a6332a7510637436a57,Coach Immediate,0.6400916328054725,65,Equally excited and concerned,Somewhat easy,Equally excited and concerned,4,65,0.0,2024-07-29T18:32:18.668Z,Just let my mind wander,None
66a7df8bc53289f808591d27,668c95d8d24fe59d1423604a,5ec28a6332a7510637436a57,Coach Immediate,0.6400916328054725,65,Equally excited and concerned,Somewhat easy,Equally excited and concerned,4,65,0.0,2024-07-29T18:32:18.668Z,Just let my mind wander,None
66a7df621cad08cfbe2e95e1,668c95d8d24fe59d1423604a,60ed501279c68ea1a313d0aa,Generate Immediate,0.6319164965318997,30,More concerned than excited,Somewhat difficult,More concerned than excited,4,30,0.0,2024-07-29T18:31:01.928Z,I was just visualising it and thinking of it in different positions,I wasnt sure how to play the snake game 
66a7df621cad08cfbe2e95e1,668c95d8d24fe59d1423604a,60ed501279c68ea1a313d0aa,Generate Immediate,0.6319164965318997,30,More concerned than excited,Somewhat difficult,More concerned than excited,4,30,0.0,2024-07-29T18:31:01.928Z,I was just visualising it and thinking of it in different positions,I wasnt sure how to play the snake game 
66a7dfbf407ba8e38ce7740c,668c95d8d24fe59d1423604a,607081b0ecb2499634a349dd,Generate Immediate,0.41149280923159026,58,Equally excited and concerned,Very difficult,More concerned than excited,3,20,0.0,2024-07-29T18:32:26.931Z,No strategy I am surprised at how difficult to come up especially in last one!,Yes can't do anything to game moving snake and dot as me?
66a7df606c4c3d996daf699d,668c95d8d24fe59d1423604a,5a5e03dd8e62590001762542,Generate Immediate,0.5448991560497802,40,More concerned than excited,Somewhat difficult,More concerned than excited,4,41,1.53,2024-07-29T18:31:37.414Z,tried to think of anything however strange it could be used for,no
66a7df6c3e4633dfac28673a,668c95d8d24fe59d1423604a,648ae805d9e92af3789c074e,Absent,0.513624678150335,23,More concerned than excited,Somewhat difficult,Equally excited and concerned,4,39,0.0,2024-07-29T18:31:38.699Z,Think outside the box,The snake game did not work well
66a7df7cb2b79a7e1c7f0237,668c95d8d24fe59d1423604a,601feeebef1d8d544b405e0b,Absent,0.5558464962327103,55,More concerned than excited,Somewhat easy,More concerned than excited,3,56,181.074,2024-07-29T18:31:58.944Z,Think of random things,no
66a7df71c78674868afa3c38,668c95d8d24fe59d1423604a,65a6f94351af2002c16aa735,Coach Immediate,0.5903228850211059,60,Equally excited and concerned,Somewhat difficult,More concerned than excited,4,50,9.669,2024-07-29T18:33:55.396Z,just thinking and visualizing different ideas,nope
66a7df9426ecdf9f9edc92f3,668c95d8d24fe59d1423604a,65b67ca8930e8f5dbfa8d4e6,Absent,0.4855316613679407,70,Equally excited and concerned,Somewhat easy,Equally excited and concerned,4,60,0.0,2024-07-29T18:33:23.773Z,Thinking about the outdoors ,No
66a7df41669ec8fa90be27a1,668c95d8d24fe59d1423604a,5daf26c2b6f30f0015a5ee3a,Absent,0.5161655827572504,61,Equally excited and concerned,Somewhat difficult,Equally excited and concerned,5,36,0.0,2024-07-29T18:33:53.461Z,looking at what i can make out of the shapes,no
66a7e047b3c2ed31073ea67b,668c95d8d24fe59d1423604a,6676d189dcbd4eca274768b2,Absent,0.5510370605968924,65,Equally excited and concerned,Somewhat difficult,Equally excited and concerned,4,65,0.0,2024-07-29T18:33:42.630Z,Visualise the object and try to envision different and unusual circumstances ways that I might use it in. ,Yes. The image of the shoe would not load. I also could not play the game of snake on my tablet. 
66a7e05b233aebacf5d6c604,668c95d8d24fe59d1423604a,5c5d306d935f3500016f64ac,Coach Immediate,0.4829709770207603,20,Equally excited and concerned,Somewhat difficult,Equally excited and concerned,4,41,0.0,2024-07-29T18:34:31.598Z,Just thought about it,No
66a7df6d00c77c92f5e774cb,668c95d8d24fe59d1423604a,651fbf405f6a2b4756a93b5a,Coach Immediate,0.42601253856023147,70,Equally excited and concerned,Somewhat difficult,Equally excited and concerned,3,35,11.149000000000001,2024-07-29T18:33:34.619Z,"I just thought of something I could use them for outside there usual use although I had to include it usual use,  as i ran out of ideas...",No
66a7df53f650fd14e4d435f4,668c95d8d24fe59d1423604a,665c4369f98a5dfced84559a,Absent,0.5705760906599084,38,More concerned than excited,Somewhat difficult,More concerned than excited,4,38,0.0,2024-07-29T18:33:59.643Z,No real strategy. Just thinking what could be made from them. ,I could not play snake 
66a7df80fa5b7f13e78371fa,668c95d8d24fe59d1423604a,66a64703e3e5dc31b47f050c,Coach Immediate,0.6093992910636024,46,Equally excited and concerned,Somewhat easy,Equally excited and concerned,4,26,0.0,2024-07-29T18:35:09.510Z,Think outside the box,No
66a7df92a3fcb0acee5de6b9,668c95d8d24fe59d1423604a,5d9c7de1524d130014b78acd,Coach Immediate,0.5698722301424517,63,Equally excited and concerned,Somewhat easy,Equally excited and concerned,3,71,0.0,2024-07-29T18:32:26.518Z,"My strategy was to put the tyre to maximum use by thinking of as many alternates, and to that I was trying to think of objects we need on a daily basis so that if it is a good idea it could actually be implemented and mass produced.",none
66a7df69df7c9c2232a98125,668c95d8d24fe59d1423604a,667ac1d1d8b797d1840d42c3,Coach Immediate,0.6138766662609616,65,More concerned than excited,Somewhat easy,More concerned than excited,4,10,0.0,2024-07-29T18:34:44.416Z,Not much just thinking about it like a I did before.,no 
66a7df817449b036a043fc4b,668c95d8d24fe59d1423604a,666ee5994b49ad9236867a62,Absent,0.4793004754611878,29,More concerned than excited,Very easy,Equally excited and concerned,3,51,0.0,2024-07-29T18:34:27.368Z,first ideas that came to mind,no
66a7e0f85f9e977980dc9381,668c95d8d24fe59d1423604a,665f5b11085e3574cdc7cde3,Absent,0.5158242865973963,80,More concerned than excited,Somewhat easy,More concerned than excited,4,82,0.0,2024-07-29T18:36:29.858Z,I typed in the first thing that came to mind.,No.
66a7e01a9db78f2653f85248,668c95d8d24fe59d1423604a,666e6fdc0d4a47213fa8722a,Absent,0.6021486750783513,58,More concerned than excited,Somewhat easy,More concerned than excited,4,62,0.0,2024-07-29T18:35:32.071Z,What I've use tables for.,no
66a7e0ce5f3ae0312840d79f,668c95d8d24fe59d1423604a,6658e6c1e945182d30fa0397,Generate Immediate,0.4686428449074804,100,Equally excited and concerned,Somewhat easy,More concerned than excited,3,73,0.0,2024-07-29T18:36:24.228Z,had to think outside the box and be creative,no
66a7df3ea25142d97dd61162,668c95d8d24fe59d1423604a,59b5a275c05bb50001eb3c4b,Coach Immediate,0.5716148531986514,87,Equally excited and concerned,Somewhat difficult,More concerned than excited,5,94,0.0,2024-07-29T18:37:27.403Z,IDEAS FOR MY HOME AND FAMILY ,VERY SLOW TO LOAD AND TO RESPONE TO KEYBOARD PRESSES
66a7e1cf00c77c92f5e77580,668c95d8d24fe59d1423604a,6661c5bcd6ffce1f3336446a,Generate Immediate,0.5356050534842348,65,More excited than concerned,Somewhat easy,More excited than concerned,4,77,0.0,2024-07-29T18:37:24.243Z,no strategy,no
66a7e1c9c9dfc7a757fcafb1,668c95d8d24fe59d1423604a,66796e90837d6486db6683b4,Absent,0.6055803617146402,80,Equally excited and concerned,Somewhat difficult,Equally excited and concerned,4,81,0.0,2024-07-29T18:40:29.137Z,Imagining myself using the object,no
66a7e058df7c9c2232a9815f,668c95d8d24fe59d1423604a,5d89b537f7d109001a8f9c68,Absent,0.546652272278431,50,More excited than concerned,Somewhat difficult,More excited than concerned,4,20,0.0,2024-07-29T18:39:19.920Z,wAS THINKING IF I was naked or out in the sunshine. ,"nonother than I had never played snake before, and  I was very confused about what to do. "
66a7e20526ecdf9f9edc93cb,668c95d8d24fe59d1423604a,641de93c4155715ec560fbe1,Absent,0.6580314200740192,35,Equally excited and concerned,Somewhat difficult,Equally excited and concerned,3,35,0.0,2024-07-29T18:41:26.530Z,Think about the features of a waterbottle and how they are used (e.g. tall and slim is a common feature with the bottle and stilts),n/a
66a7e1ecb3c2ed31073ea6e8,668c95d8d24fe59d1423604a,663fa3adb913d930a704bb2f,Absent,0.6139646169836617,27,More concerned than excited,Very difficult,More concerned than excited,4,30,73.858,2024-07-29T18:44:05.550Z,I just tried to think of other flat objects,No
66a7e32865e020ac0a307dca,668c95d8d24fe59d1423604a,63dac7473a7fad8f905edf98,Generate Immediate,0.5921095417182253,52,Equally excited and concerned,Somewhat difficult,More excited than concerned,4,40,0.0,2024-07-29T18:46:02.250Z,"Just said what came to mind even though it wasn't realistic but then again, they were ideas which came to mind.",Nope
66a7e200a40c46efc356ced5,668c95d8d24fe59d1423604a,6696b147351fef555704d845,Coach Immediate,0.39396700477581237,85,More concerned than excited,Somewhat difficult,More concerned than excited,4,80,68.782,2024-07-29T18:43:39.257Z,"opposite things, and what it's been used for/who uses them.",N/A
66a7e335d37cd77efc2fabb9,668c95d8d24fe59d1423604a,582f8bbd4cadc80001b0fbd3,Generate Immediate,0.5688484525006695,40,Equally excited and concerned,Somewhat difficult,Equally excited and concerned,4,20,3.104,2024-07-29T18:48:02.996Z,what i would use the bottle for myself,there were no technical issues
66a7e6eb59a9515bd7ad1291,668c95d8d24fe59d1423604a,65cb7c1cdf8ff14e2355c5e6,Coach Immediate,0.5696311674202537,47,More excited than concerned,Somewhat difficult,More excited than concerned,4,24,0.0,2024-07-29T19:01:40.098Z,How I would use it in my daily life and how I've seen it been used,N/A
66a7ea46d46ad7a2b78cbef9,668c95d8d24fe59d1423604a,6658b838fa019e8f175c7bf4,Generate Immediate,0.6109479116390892,69,Equally excited and concerned,Somewhat difficult,Equally excited and concerned,4,35,0.0,2024-07-29T19:17:37.173Z,Mostly just trying to think outside the box but when the AI was involved it pretty much had every Idea I had.,None
