assignment_id,hit_id,worker_id,start_time,condition,phase,item_order,item_name,response,response_order
308XBLVES2U4BUNT9KRHOBB8PBSBRV,31YWE12TFJ2YJU9MF0GSJ7F9IRV7XE,A3CCFD0700KTPV,2024-03-13T19:49:07.078Z,absent,Practice,1,Bottle,mobile w hanging bottle,0
308XBLVES2U4BUNT9KRHOBB8PBSBRV,31YWE12TFJ2YJU9MF0GSJ7F9IRV7XE,A3CCFD0700KTPV,2024-03-13T19:49:07.078Z,absent,Practice,1,Bottle,musical instrument with water filled to various levels,1
308XBLVES2U4BUNT9KRHOBB8PBSBRV,31YWE12TFJ2YJU9MF0GSJ7F9IRV7XE,A3CCFD0700KTPV,2024-03-13T19:49:07.078Z,absent,Practice,1,Bottle,game set up to pitch objects like in an arcade,2
308XBLVES2U4BUNT9KRHOBB8PBSBRV,31YWE12TFJ2YJU9MF0GSJ7F9IRV7XE,A3CCFD0700KTPV,2024-03-13T19:49:07.078Z,absent,Practice,1,Bottle,use for drinks that are prepared for a party,3
308XBLVES2U4BUNT9KRHOBB8PBSBRV,31YWE12TFJ2YJU9MF0GSJ7F9IRV7XE,A3CCFD0700KTPV,2024-03-13T19:49:07.078Z,absent,Practice,1,Bottle,use for paints ,4
308XBLVES2U4BUNT9KRHOBB8PBSBRV,31YWE12TFJ2YJU9MF0GSJ7F9IRV7XE,A3CCFD0700KTPV,2024-03-13T19:49:07.078Z,absent,Practice,2,Lightbulb,Use lightbulbs to create a glowing mural by painting them and rearranging them,0
308XBLVES2U4BUNT9KRHOBB8PBSBRV,31YWE12TFJ2YJU9MF0GSJ7F9IRV7XE,A3CCFD0700KTPV,2024-03-13T19:49:07.078Z,absent,Practice,2,Lightbulb,Taking lightbulbs and wiring them to a board and transmitting coded signals for exhibition,1
308XBLVES2U4BUNT9KRHOBB8PBSBRV,31YWE12TFJ2YJU9MF0GSJ7F9IRV7XE,A3CCFD0700KTPV,2024-03-13T19:49:07.078Z,absent,Practice,2,Lightbulb,lighting a mural outdoors make of lightbulbs and changing the images of the lights by on/off switch,2
308XBLVES2U4BUNT9KRHOBB8PBSBRV,31YWE12TFJ2YJU9MF0GSJ7F9IRV7XE,A3CCFD0700KTPV,2024-03-13T19:49:07.078Z,absent,Practice,3,Tire,Tires are needed for recycling,0
308XBLVES2U4BUNT9KRHOBB8PBSBRV,31YWE12TFJ2YJU9MF0GSJ7F9IRV7XE,A3CCFD0700KTPV,2024-03-13T19:49:07.078Z,absent,Practice,3,Tire,reusing old tires is a gamechanger for those who can invent the correct usages and this makes a good contest - let people create the contest with their entries,1
308XBLVES2U4BUNT9KRHOBB8PBSBRV,31YWE12TFJ2YJU9MF0GSJ7F9IRV7XE,A3CCFD0700KTPV,2024-03-13T19:49:07.078Z,absent,Practice,3,Tire,Environmental preservation should be illustrated through recycled tires creating an artistic image depicting our efforts,2
308XBLVES2U4BUNT9KRHOBB8PBSBRV,31YWE12TFJ2YJU9MF0GSJ7F9IRV7XE,A3CCFD0700KTPV,2024-03-13T19:49:07.078Z,absent,Test,4,Ball,using exercise balls in a classroom and as an optional seating area,0
3G0WWMR1UFA602XQZV7QAG1XAE4NQV,31YWE12TFJ2YJU9MF0GSJ7F9IRV7XE,A14O5IIY74ZV0P,2024-03-13T19:56:32.680Z,generate,Practice,1,Toothbrush,Use it as a paintbrush for creating intricate toothpaste designs on the bathroom mirror,0
3G0WWMR1UFA602XQZV7QAG1XAE4NQV,31YWE12TFJ2YJU9MF0GSJ7F9IRV7XE,A14O5IIY74ZV0P,2024-03-13T19:56:32.680Z,generate,Practice,2,Ball,Creative ink stamp by dipping it in paint and rolling onto paper,0
3G0WWMR1UFA602XQZV7QAG1XAE4NQV,31YWE12TFJ2YJU9MF0GSJ7F9IRV7XE,A14O5IIY74ZV0P,2024-03-13T19:56:32.680Z,generate,Practice,3,Bottle,A planter for growing herbs or small plants,0
3G0WWMR1UFA602XQZV7QAG1XAE4NQV,31YWE12TFJ2YJU9MF0GSJ7F9IRV7XE,A14O5IIY74ZV0P,2024-03-13T19:56:32.680Z,generate,Practice,3,Bottle,A piggy bank collecting spare change,1
3G0WWMR1UFA602XQZV7QAG1XAE4NQV,31YWE12TFJ2YJU9MF0GSJ7F9IRV7XE,A14O5IIY74ZV0P,2024-03-13T19:56:32.680Z,generate,Test,4,Tire,Use as a giant hula hoop in a workout class,0
3G0WWMR1UFA602XQZV7QAG1XAE4NQV,31YWE12TFJ2YJU9MF0GSJ7F9IRV7XE,A14O5IIY74ZV0P,2024-03-13T19:56:32.680Z,generate,Test,4,Tire,Use as a unique seat for a tree swing,1
3O7L7BFSHYFPPYWUTOZYBRG25CMIEY,31YWE12TFJ2YJU9MF0GSJ7F9IRV7XE,A2YW7RDY1OLC66,2024-03-13T20:28:25.949Z,coach,Practice,1,Fork,This is use to eat food.,0
3O7L7BFSHYFPPYWUTOZYBRG25CMIEY,31YWE12TFJ2YJU9MF0GSJ7F9IRV7XE,A2YW7RDY1OLC66,2024-03-13T20:28:25.949Z,coach,Practice,1,Fork,People are rich only use,1
3O7L7BFSHYFPPYWUTOZYBRG25CMIEY,31YWE12TFJ2YJU9MF0GSJ7F9IRV7XE,A2YW7RDY1OLC66,2024-03-13T20:28:25.949Z,coach,Practice,2,Pants,This use to mens.,0
3O7L7BFSHYFPPYWUTOZYBRG25CMIEY,31YWE12TFJ2YJU9MF0GSJ7F9IRV7XE,A2YW7RDY1OLC66,2024-03-13T20:28:25.949Z,coach,Practice,2,Pants,This is wear metirials,1
3O7L7BFSHYFPPYWUTOZYBRG25CMIEY,31YWE12TFJ2YJU9MF0GSJ7F9IRV7XE,A2YW7RDY1OLC66,2024-03-13T20:28:25.949Z,coach,Practice,2,Pants,Look very hansome.,2
3O7L7BFSHYFPPYWUTOZYBRG25CMIEY,31YWE12TFJ2YJU9MF0GSJ7F9IRV7XE,A2YW7RDY1OLC66,2024-03-13T20:28:25.949Z,coach,Practice,3,Shoe,This is shoes.,0
3O7L7BFSHYFPPYWUTOZYBRG25CMIEY,31YWE12TFJ2YJU9MF0GSJ7F9IRV7XE,A2YW7RDY1OLC66,2024-03-13T20:28:25.949Z,coach,Practice,3,Shoe,This use ful to runing and walking.,1
3O7L7BFSHYFPPYWUTOZYBRG25CMIEY,31YWE12TFJ2YJU9MF0GSJ7F9IRV7XE,A2YW7RDY1OLC66,2024-03-13T20:28:25.949Z,coach,Practice,3,Shoe,Its very help to sports.,2
3O7L7BFSHYFPPYWUTOZYBRG25CMIEY,31YWE12TFJ2YJU9MF0GSJ7F9IRV7XE,A2YW7RDY1OLC66,2024-03-13T20:28:25.949Z,coach,Test,4,Tire,This is tire.,0
3634BBTX08KHVCWQOZJ4T912HD1IFG,31YWE12TFJ2YJU9MF0GSJ7F9IRV7XE,A35BJZCQC3ETPX,2024-03-13T20:40:44.434Z,coach,Practice,1,Table,Use it as a unique and spacious canvas for a painting or art piece,0
3634BBTX08KHVCWQOZJ4T912HD1IFG,31YWE12TFJ2YJU9MF0GSJ7F9IRV7XE,A35BJZCQC3ETPX,2024-03-13T20:40:44.434Z,coach,Practice,2,Backpack,Mobile pet carrier for small animals,0
3634BBTX08KHVCWQOZJ4T912HD1IFG,31YWE12TFJ2YJU9MF0GSJ7F9IRV7XE,A35BJZCQC3ETPX,2024-03-13T20:40:44.434Z,coach,Practice,3,Fork,Use as a hair accessory by bending the tines into a unique design,0
3634BBTX08KHVCWQOZJ4T912HD1IFG,31YWE12TFJ2YJU9MF0GSJ7F9IRV7XE,A35BJZCQC3ETPX,2024-03-13T20:40:44.434Z,coach,Test,4,Bottle,A mini aquarium for a single goldfish,0
3634BBTX08KHVCWQOZJ4T912HD1IFG,31YWE12TFJ2YJU9MF0GSJ7F9IRV7XE,A35BJZCQC3ETPX,2024-03-13T20:40:44.434Z,coach,Test,4,Bottle,A plant watering tool by adding a small nozzle to the cap,1
3VAR3R6G19RICJX6EGQ33EG26IN8OK,31YWE12TFJ2YJU9MF0GSJ7F9IRV7XE,A1M1UFZJSPPN6Q,2024-03-13T20:41:16.238Z,generate,Practice,1,Toothbrush,grout cleaner,0
3VAR3R6G19RICJX6EGQ33EG26IN8OK,31YWE12TFJ2YJU9MF0GSJ7F9IRV7XE,A1M1UFZJSPPN6Q,2024-03-13T20:41:16.238Z,generate,Practice,1,Toothbrush,keyboard cleaner,1
3VAR3R6G19RICJX6EGQ33EG26IN8OK,31YWE12TFJ2YJU9MF0GSJ7F9IRV7XE,A1M1UFZJSPPN6Q,2024-03-13T20:41:16.238Z,generate,Practice,1,Toothbrush,vegetable cleaner,2
3VAR3R6G19RICJX6EGQ33EG26IN8OK,31YWE12TFJ2YJU9MF0GSJ7F9IRV7XE,A1M1UFZJSPPN6Q,2024-03-13T20:41:16.238Z,generate,Practice,2,Backpack,portable mini garden,0
3VAR3R6G19RICJX6EGQ33EG26IN8OK,31YWE12TFJ2YJU9MF0GSJ7F9IRV7XE,A1M1UFZJSPPN6Q,2024-03-13T20:41:16.238Z,generate,Practice,2,Backpack,mobile liabrary,1
3VAR3R6G19RICJX6EGQ33EG26IN8OK,31YWE12TFJ2YJU9MF0GSJ7F9IRV7XE,A1M1UFZJSPPN6Q,2024-03-13T20:41:16.238Z,generate,Practice,2,Backpack,camera bag,2
3VAR3R6G19RICJX6EGQ33EG26IN8OK,31YWE12TFJ2YJU9MF0GSJ7F9IRV7XE,A1M1UFZJSPPN6Q,2024-03-13T20:41:16.238Z,generate,Practice,3,Lightbulb,tiny terraium,0
3VAR3R6G19RICJX6EGQ33EG26IN8OK,31YWE12TFJ2YJU9MF0GSJ7F9IRV7XE,A1M1UFZJSPPN6Q,2024-03-13T20:41:16.238Z,generate,Practice,3,Lightbulb,christmas ornament,1
3VAR3R6G19RICJX6EGQ33EG26IN8OK,31YWE12TFJ2YJU9MF0GSJ7F9IRV7XE,A1M1UFZJSPPN6Q,2024-03-13T20:41:16.238Z,generate,Practice,3,Lightbulb,jewelry ,2
3VAR3R6G19RICJX6EGQ33EG26IN8OK,31YWE12TFJ2YJU9MF0GSJ7F9IRV7XE,A1M1UFZJSPPN6Q,2024-03-13T20:41:16.238Z,generate,Test,4,Pants,jeans,0
3VAR3R6G19RICJX6EGQ33EG26IN8OK,31YWE12TFJ2YJU9MF0GSJ7F9IRV7XE,A1M1UFZJSPPN6Q,2024-03-13T20:41:16.238Z,generate,Test,4,Pants,pant,1
3VAR3R6G19RICJX6EGQ33EG26IN8OK,31YWE12TFJ2YJU9MF0GSJ7F9IRV7XE,A1M1UFZJSPPN6Q,2024-03-13T20:41:16.238Z,generate,Test,4,Pants,shirt,2
3Z2R0DQ0J14LEDIS4LE6OB9LGGPE2J,31YWE12TFJ2YJU9MF0GSJ7F9IRV7XE,AOUCGFFGELTA7,2024-03-13T20:41:34.173Z,generate,Practice,1,Toothbrush,To clean our teeth daily,0
3Z2R0DQ0J14LEDIS4LE6OB9LGGPE2J,31YWE12TFJ2YJU9MF0GSJ7F9IRV7XE,AOUCGFFGELTA7,2024-03-13T20:41:34.173Z,generate,Practice,2,Shoe,,0
3Z2R0DQ0J14LEDIS4LE6OB9LGGPE2J,31YWE12TFJ2YJU9MF0GSJ7F9IRV7XE,AOUCGFFGELTA7,2024-03-13T20:41:34.173Z,generate,Practice,2,Shoe,,1
3Z2R0DQ0J14LEDIS4LE6OB9LGGPE2J,31YWE12TFJ2YJU9MF0GSJ7F9IRV7XE,AOUCGFFGELTA7,2024-03-13T20:41:34.173Z,generate,Practice,3,Bottle,Daily drink water ,0
3Z2R0DQ0J14LEDIS4LE6OB9LGGPE2J,31YWE12TFJ2YJU9MF0GSJ7F9IRV7XE,AOUCGFFGELTA7,2024-03-13T20:41:34.173Z,generate,Practice,3,Bottle,Bottles saves our society,1
3Z2R0DQ0J14LEDIS4LE6OB9LGGPE2J,31YWE12TFJ2YJU9MF0GSJ7F9IRV7XE,AOUCGFFGELTA7,2024-03-13T20:41:34.173Z,generate,Test,4,Fork,supporting for eating,0
3FE2ERCCZHY3IBWN0XSEP0BSVSXOPU,31YWE12TFJ2YJU9MF0GSJ7F9IRV7XE,A22T0PKVR6VIBC,N/A,coach,Practice,3,Shoe,sliper,0
3FE2ERCCZHY3IBWN0XSEP0BSVSXOPU,31YWE12TFJ2YJU9MF0GSJ7F9IRV7XE,A22T0PKVR6VIBC,N/A,coach,Test,4,Ball,ball,0
3FE2ERCCZHY3IBWN0XSEP0BSVSXOPU,31YWE12TFJ2YJU9MF0GSJ7F9IRV7XE,A22T0PKVR6VIBC,N/A,coach,Test,4,Ball,bat,1
3OONKJ5DKW91EHVDHSADUG63EO8BOM,31YWE12TFJ2YJU9MF0GSJ7F9IRV7XE,AJ173YQLT4Z9A,2024-03-13T20:51:02.516Z,absent,Practice,1,Lightbulb,The bulb can be used as a decorative item in a house.,0
3OONKJ5DKW91EHVDHSADUG63EO8BOM,31YWE12TFJ2YJU9MF0GSJ7F9IRV7XE,AJ173YQLT4Z9A,2024-03-13T20:51:02.516Z,absent,Practice,2,Backpack,A bagpack can be used as a carrier for pets.,0
3OONKJ5DKW91EHVDHSADUG63EO8BOM,31YWE12TFJ2YJU9MF0GSJ7F9IRV7XE,AJ173YQLT4Z9A,2024-03-13T20:51:02.516Z,absent,Practice,3,Toothbrush,It can be use to clean strain on shoes.,0
3OONKJ5DKW91EHVDHSADUG63EO8BOM,31YWE12TFJ2YJU9MF0GSJ7F9IRV7XE,AJ173YQLT4Z9A,2024-03-13T20:51:02.516Z,absent,Practice,3,Toothbrush,It can be use to clean dust on a electic circuit,1
3OONKJ5DKW91EHVDHSADUG63EO8BOM,31YWE12TFJ2YJU9MF0GSJ7F9IRV7XE,AJ173YQLT4Z9A,2024-03-13T20:51:02.516Z,absent,Practice,3,Toothbrush,,2
3OONKJ5DKW91EHVDHSADUG63EO8BOM,31YWE12TFJ2YJU9MF0GSJ7F9IRV7XE,AJ173YQLT4Z9A,2024-03-13T20:51:02.516Z,absent,Test,4,Table,A table can also be used as a workshop bench.,0
3GU1KF0O42RJZH7EWSNSJGBTOT4BP3,31YWE12TFJ2YJU9MF0GSJ7F9IRV7XE,A102C1DTGBA0K,2024-03-13T20:57:38.271Z,coach,Practice,1,Tire,use for the car ,0
3GU1KF0O42RJZH7EWSNSJGBTOT4BP3,31YWE12TFJ2YJU9MF0GSJ7F9IRV7XE,A102C1DTGBA0K,2024-03-13T20:57:38.271Z,coach,Practice,1,Tire,important part of car and bike,1
3GU1KF0O42RJZH7EWSNSJGBTOT4BP3,31YWE12TFJ2YJU9MF0GSJ7F9IRV7XE,A102C1DTGBA0K,2024-03-13T20:57:38.271Z,coach,Practice,2,Table,use for the eating ,0
3GU1KF0O42RJZH7EWSNSJGBTOT4BP3,31YWE12TFJ2YJU9MF0GSJ7F9IRV7XE,A102C1DTGBA0K,2024-03-13T20:57:38.271Z,coach,Practice,2,Table,use for the ironng,1
3GU1KF0O42RJZH7EWSNSJGBTOT4BP3,31YWE12TFJ2YJU9MF0GSJ7F9IRV7XE,A102C1DTGBA0K,2024-03-13T20:57:38.271Z,coach,Practice,2,Table,use for the tv stand,2
3GU1KF0O42RJZH7EWSNSJGBTOT4BP3,31YWE12TFJ2YJU9MF0GSJ7F9IRV7XE,A102C1DTGBA0K,2024-03-13T20:57:38.271Z,coach,Practice,3,Shoe,use for the walk and runing,0
3GU1KF0O42RJZH7EWSNSJGBTOT4BP3,31YWE12TFJ2YJU9MF0GSJ7F9IRV7XE,A102C1DTGBA0K,2024-03-13T20:57:38.271Z,coach,Test,4,Bottle,use for the drink,0
3JAOYWH7V2UAK3DJ6GGPBT7JVJ0L95,31YWE12TFJ2YJU9MF0GSJ7F9IRV7XE,A24UWUL93BCA60,2024-03-13T21:05:39.779Z,absent,Practice,1,Backpack,A bag can be used as a pillow while travelling. ,0
3JAOYWH7V2UAK3DJ6GGPBT7JVJ0L95,31YWE12TFJ2YJU9MF0GSJ7F9IRV7XE,A24UWUL93BCA60,2024-03-13T21:05:39.779Z,absent,Practice,2,Pants,A pant can be used as a cleaning clothes.,0
3JAOYWH7V2UAK3DJ6GGPBT7JVJ0L95,31YWE12TFJ2YJU9MF0GSJ7F9IRV7XE,A24UWUL93BCA60,2024-03-13T21:05:39.779Z,absent,Practice,2,Pants,A pant can used as a small rope.,1
3JAOYWH7V2UAK3DJ6GGPBT7JVJ0L95,31YWE12TFJ2YJU9MF0GSJ7F9IRV7XE,A24UWUL93BCA60,2024-03-13T21:05:39.779Z,absent,Practice,3,Toothbrush,A tooth brush can be used as a cleaning tool for small spaces and objects. ,0
3JAOYWH7V2UAK3DJ6GGPBT7JVJ0L95,31YWE12TFJ2YJU9MF0GSJ7F9IRV7XE,A24UWUL93BCA60,2024-03-13T21:05:39.779Z,absent,Practice,3,Toothbrush,A too brush can be used as a grooming tool.,1
3JAOYWH7V2UAK3DJ6GGPBT7JVJ0L95,31YWE12TFJ2YJU9MF0GSJ7F9IRV7XE,A24UWUL93BCA60,2024-03-13T21:05:39.779Z,absent,Test,4,Shoe,Shoes can be used to hide small things.,0
3JAOYWH7V2UAK3DJ6GGPBT7JVJ0L95,31YWE12TFJ2YJU9MF0GSJ7F9IRV7XE,A24UWUL93BCA60,2024-03-13T21:05:39.779Z,absent,Test,4,Shoe,Shoes can be used as playable toys for pets,1
3AMW0RGHOXSL0QWBZIS1ABBN5IINP4,31YWE12TFJ2YJU9MF0GSJ7F9IRV7XE,A3JEZEPRDOOQ58,2024-03-13T21:23:31.596Z,coach,Practice,1,Ball,A ball can be used as decorative item. ,0
3AMW0RGHOXSL0QWBZIS1ABBN5IINP4,31YWE12TFJ2YJU9MF0GSJ7F9IRV7XE,A3JEZEPRDOOQ58,2024-03-13T21:23:31.596Z,coach,Practice,2,Bottle,A bottle can be used as flower vase,0
3AMW0RGHOXSL0QWBZIS1ABBN5IINP4,31YWE12TFJ2YJU9MF0GSJ7F9IRV7XE,A3JEZEPRDOOQ58,2024-03-13T21:23:31.596Z,coach,Practice,2,Bottle,A bottle can be used to decorate home.,1
3AMW0RGHOXSL0QWBZIS1ABBN5IINP4,31YWE12TFJ2YJU9MF0GSJ7F9IRV7XE,A3JEZEPRDOOQ58,2024-03-13T21:23:31.596Z,coach,Practice,3,Shoe,It can be used as a musical instrument by attaching bells or any similer noise making objects to it.,0
3AMW0RGHOXSL0QWBZIS1ABBN5IINP4,31YWE12TFJ2YJU9MF0GSJ7F9IRV7XE,A3JEZEPRDOOQ58,2024-03-13T21:23:31.596Z,coach,Test,4,Toothbrush,A tooth brush can be used for painting.,0
3AMW0RGHOXSL0QWBZIS1ABBN5IINP4,31YWE12TFJ2YJU9MF0GSJ7F9IRV7XE,A3JEZEPRDOOQ58,2024-03-13T21:23:31.596Z,coach,Test,4,Toothbrush,women can use toothbrush to tie their hair.,1
3AMW0RGHOXSL0QWBZIS1ABBN5IINP4,31YWE12TFJ2YJU9MF0GSJ7F9IRV7XE,A3JEZEPRDOOQ58,2024-03-13T21:23:31.596Z,coach,Test,4,Toothbrush,A tooth brush can be used to clean small objects.,2
3TU5ZICBRXRLXVAMTTI7SJB2LJ5Q8A,31YWE12TFJ2YJU9MF0GSJ7F9IRV7XE,A3C1QLGNYG36M1,2024-03-13T21:45:55.943Z,coach,Practice,1,Pants,They also can be used to clean some places.,0
3TU5ZICBRXRLXVAMTTI7SJB2LJ5Q8A,31YWE12TFJ2YJU9MF0GSJ7F9IRV7XE,A3C1QLGNYG36M1,2024-03-13T21:45:55.943Z,coach,Practice,2,Fork,They can be used to drill holes in some cases.,0
3TU5ZICBRXRLXVAMTTI7SJB2LJ5Q8A,31YWE12TFJ2YJU9MF0GSJ7F9IRV7XE,A3C1QLGNYG36M1,2024-03-13T21:45:55.943Z,coach,Practice,2,Fork,They can be used to scratch if itches.,1
3TU5ZICBRXRLXVAMTTI7SJB2LJ5Q8A,31YWE12TFJ2YJU9MF0GSJ7F9IRV7XE,A3C1QLGNYG36M1,2024-03-13T21:45:55.943Z,coach,Practice,3,Lightbulb,They are used to makes things look glorifying.,0
3TU5ZICBRXRLXVAMTTI7SJB2LJ5Q8A,31YWE12TFJ2YJU9MF0GSJ7F9IRV7XE,A3C1QLGNYG36M1,2024-03-13T21:45:55.943Z,coach,Practice,3,Lightbulb,They are used to give us brightness.,1
3TU5ZICBRXRLXVAMTTI7SJB2LJ5Q8A,31YWE12TFJ2YJU9MF0GSJ7F9IRV7XE,A3C1QLGNYG36M1,2024-03-13T21:45:55.943Z,coach,Test,4,Shoe,They are used to hold keys in case of emergency purpose if we leave our home in a hurry.,0
3TU5ZICBRXRLXVAMTTI7SJB2LJ5Q8A,31YWE12TFJ2YJU9MF0GSJ7F9IRV7XE,A3C1QLGNYG36M1,2024-03-13T21:45:55.943Z,coach,Test,4,Shoe,They can hold unwashed socks for a while.,1
3YDGXNSEOJKE8QNOVWBUPGAXPSY84N,31YWE12TFJ2YJU9MF0GSJ7F9IRV7XE,A2CKX2DBHYJM1Y,2024-03-13T21:58:41.220Z,absent,Practice,1,Tire,A wheel can be used as an exercise equipment.,0
3YDGXNSEOJKE8QNOVWBUPGAXPSY84N,31YWE12TFJ2YJU9MF0GSJ7F9IRV7XE,A2CKX2DBHYJM1Y,2024-03-13T21:58:41.220Z,absent,Practice,2,Bottle,A bottle can be converted into a showpiece by coloring it or putting lights in it.,0
3YDGXNSEOJKE8QNOVWBUPGAXPSY84N,31YWE12TFJ2YJU9MF0GSJ7F9IRV7XE,A2CKX2DBHYJM1Y,2024-03-13T21:58:41.220Z,absent,Practice,2,Bottle,A bottle can also be used as flower vase.,1
3YDGXNSEOJKE8QNOVWBUPGAXPSY84N,31YWE12TFJ2YJU9MF0GSJ7F9IRV7XE,A2CKX2DBHYJM1Y,2024-03-13T21:58:41.220Z,absent,Practice,3,Toothbrush,A tooth brush can be used to dye hair or coloring hair.,0
3YDGXNSEOJKE8QNOVWBUPGAXPSY84N,31YWE12TFJ2YJU9MF0GSJ7F9IRV7XE,A2CKX2DBHYJM1Y,2024-03-13T21:58:41.220Z,absent,Practice,3,Toothbrush,It can be used to clean nail cuticles.,1
3YDGXNSEOJKE8QNOVWBUPGAXPSY84N,31YWE12TFJ2YJU9MF0GSJ7F9IRV7XE,A2CKX2DBHYJM1Y,2024-03-13T21:58:41.220Z,absent,Test,4,Pants,It can be used  as a cushioning  for pets.,0
3S3AMIZX3EVTKPWU5JSSU60MSVBCD7,31YWE12TFJ2YJU9MF0GSJ7F9IRV7XE,A3BUAU6657FMNA,2024-03-13T22:13:20.716Z,absent,Practice,1,Fork,A fork can be used to tie long hair.,0
3S3AMIZX3EVTKPWU5JSSU60MSVBCD7,31YWE12TFJ2YJU9MF0GSJ7F9IRV7XE,A3BUAU6657FMNA,2024-03-13T22:13:20.716Z,absent,Practice,1,Fork,A fork can be use to decorate room.,1
3S3AMIZX3EVTKPWU5JSSU60MSVBCD7,31YWE12TFJ2YJU9MF0GSJ7F9IRV7XE,A3BUAU6657FMNA,2024-03-13T22:13:20.716Z,absent,Practice,2,Toothbrush,A tooth brush can be use for painting.,0
3S3AMIZX3EVTKPWU5JSSU60MSVBCD7,31YWE12TFJ2YJU9MF0GSJ7F9IRV7XE,A3BUAU6657FMNA,2024-03-13T22:13:20.716Z,absent,Practice,2,Toothbrush,A tooth brush can be use to clean electrical circuit board.,1
3S3AMIZX3EVTKPWU5JSSU60MSVBCD7,31YWE12TFJ2YJU9MF0GSJ7F9IRV7XE,A3BUAU6657FMNA,2024-03-13T22:13:20.716Z,absent,Practice,3,Lightbulb,A bulb can be use for decorating wall of the house by coloring it.,0
3S3AMIZX3EVTKPWU5JSSU60MSVBCD7,31YWE12TFJ2YJU9MF0GSJ7F9IRV7XE,A3BUAU6657FMNA,2024-03-13T22:13:20.716Z,absent,Test,4,Tire,A wheel can be use as exercising equipment.,0
3S3AMIZX3EVTKPWU5JSSU60MSVBCD7,31YWE12TFJ2YJU9MF0GSJ7F9IRV7XE,A3BUAU6657FMNA,2024-03-13T22:13:20.716Z,absent,Test,4,Tire,A wheel can be use to make sitting placce for pets.,1
33PPO7FECF5KXSIUXTOE59YH50LID5,31YWE12TFJ2YJU9MF0GSJ7F9IRV7XE,A1D34XFWJBJ3E8,2024-03-13T22:52:50.086Z,generate,Practice,1,Pencil,used for choose the random option for a one question,0
33PPO7FECF5KXSIUXTOE59YH50LID5,31YWE12TFJ2YJU9MF0GSJ7F9IRV7XE,A1D34XFWJBJ3E8,2024-03-13T22:52:50.086Z,generate,Practice,2,Toothbrush,we can clean the iron things with this.,0
33PPO7FECF5KXSIUXTOE59YH50LID5,31YWE12TFJ2YJU9MF0GSJ7F9IRV7XE,A1D34XFWJBJ3E8,2024-03-13T22:52:50.086Z,generate,Practice,2,Toothbrush,we can polish our shoes,1
33PPO7FECF5KXSIUXTOE59YH50LID5,31YWE12TFJ2YJU9MF0GSJ7F9IRV7XE,A1D34XFWJBJ3E8,2024-03-13T22:52:50.086Z,generate,Practice,2,Toothbrush,used to clean thhe dirt in a water bottle,2
33PPO7FECF5KXSIUXTOE59YH50LID5,31YWE12TFJ2YJU9MF0GSJ7F9IRV7XE,A1D34XFWJBJ3E8,2024-03-13T22:52:50.086Z,generate,Practice,3,Backpack,use as a pillow,0
33PPO7FECF5KXSIUXTOE59YH50LID5,31YWE12TFJ2YJU9MF0GSJ7F9IRV7XE,A1D34XFWJBJ3E8,2024-03-13T22:52:50.086Z,generate,Practice,3,Backpack,self deence,1
33PPO7FECF5KXSIUXTOE59YH50LID5,31YWE12TFJ2YJU9MF0GSJ7F9IRV7XE,A1D34XFWJBJ3E8,2024-03-13T22:52:50.086Z,generate,Practice,3,Backpack,terrorism material,2
33PPO7FECF5KXSIUXTOE59YH50LID5,31YWE12TFJ2YJU9MF0GSJ7F9IRV7XE,A1D34XFWJBJ3E8,2024-03-13T22:52:50.086Z,generate,Test,4,Fork,hurting weapon,0
33PPO7FECF5KXSIUXTOE59YH50LID5,31YWE12TFJ2YJU9MF0GSJ7F9IRV7XE,A1D34XFWJBJ3E8,2024-03-13T22:52:50.086Z,generate,Test,4,Fork,music instrument,1
33PPO7FECF5KXSIUXTOE59YH50LID5,31YWE12TFJ2YJU9MF0GSJ7F9IRV7XE,A1D34XFWJBJ3E8,2024-03-13T22:52:50.086Z,generate,Test,4,Fork,plant stand,2
33PPO7FECF5KXSIUXTOE59YH50LID5,31YWE12TFJ2YJU9MF0GSJ7F9IRV7XE,A1D34XFWJBJ3E8,2024-03-13T22:52:50.086Z,generate,Test,4,Fork,dirt cleaner in corners,3
32EYX73OYKZJ7TWZ9B8CT13WEXRRUM,31YWE12TFJ2YJU9MF0GSJ7F9IRV7XE,A2D8FARZ4P8JYY,2024-03-13T23:07:10.621Z,generate,Practice,1,Lightbulb,We can use this to create different hand craft and many more things like flower vase.,0
32EYX73OYKZJ7TWZ9B8CT13WEXRRUM,31YWE12TFJ2YJU9MF0GSJ7F9IRV7XE,A2D8FARZ4P8JYY,2024-03-13T23:07:10.621Z,generate,Practice,2,Ball,By using this we can ready so many showpieces for decorating our room.,0
32EYX73OYKZJ7TWZ9B8CT13WEXRRUM,31YWE12TFJ2YJU9MF0GSJ7F9IRV7XE,A2D8FARZ4P8JYY,2024-03-13T23:07:10.621Z,generate,Practice,2,Ball,We can use this as a container to keep the food for kitchen.,1
32EYX73OYKZJ7TWZ9B8CT13WEXRRUM,31YWE12TFJ2YJU9MF0GSJ7F9IRV7XE,A2D8FARZ4P8JYY,2024-03-13T23:07:10.621Z,generate,Practice,3,Backpack,WE can use this to make plant container.,0
32EYX73OYKZJ7TWZ9B8CT13WEXRRUM,31YWE12TFJ2YJU9MF0GSJ7F9IRV7XE,A2D8FARZ4P8JYY,2024-03-13T23:07:10.621Z,generate,Practice,3,Backpack,We can use this bag to store many un used things like toys of kids.,1
32EYX73OYKZJ7TWZ9B8CT13WEXRRUM,31YWE12TFJ2YJU9MF0GSJ7F9IRV7XE,A2D8FARZ4P8JYY,2024-03-13T23:07:10.621Z,generate,Test,4,Bottle,we can make an wonderful decoration with fabric in this glass bottle and will make it more attractive.,0
32EYX73OYKZJ7TWZ9B8CT13WEXRRUM,31YWE12TFJ2YJU9MF0GSJ7F9IRV7XE,A2D8FARZ4P8JYY,2024-03-13T23:07:10.621Z,generate,Test,4,Bottle,we can use it to make light.,1
33FOTY3KE6BZSUGIPQ8XT4ZD3ZVC16,31YWE12TFJ2YJU9MF0GSJ7F9IRV7XE,A2P6TSH9SEDAC,2024-03-14T01:12:09.627Z,generate,Practice,1,Fork,FOR EATING,0
33FOTY3KE6BZSUGIPQ8XT4ZD3ZVC16,31YWE12TFJ2YJU9MF0GSJ7F9IRV7XE,A2P6TSH9SEDAC,2024-03-14T01:12:09.627Z,generate,Practice,1,Fork,FORK,1
33FOTY3KE6BZSUGIPQ8XT4ZD3ZVC16,31YWE12TFJ2YJU9MF0GSJ7F9IRV7XE,A2P6TSH9SEDAC,2024-03-14T01:12:09.627Z,generate,Practice,1,Fork,DIFFERENT,2
33FOTY3KE6BZSUGIPQ8XT4ZD3ZVC16,31YWE12TFJ2YJU9MF0GSJ7F9IRV7XE,A2P6TSH9SEDAC,2024-03-14T01:12:09.627Z,generate,Practice,1,Fork,TO BEAT SOMEONE,3
33FOTY3KE6BZSUGIPQ8XT4ZD3ZVC16,31YWE12TFJ2YJU9MF0GSJ7F9IRV7XE,A2P6TSH9SEDAC,2024-03-14T01:12:09.627Z,generate,Practice,1,Fork,BOOKMARK,4
33FOTY3KE6BZSUGIPQ8XT4ZD3ZVC16,31YWE12TFJ2YJU9MF0GSJ7F9IRV7XE,A2P6TSH9SEDAC,2024-03-14T01:12:09.627Z,generate,Practice,2,Table,FOR STANDING: IF PEPLE ARE SO SHORT HELP TO CLIMB THIS TABLE,0
33FOTY3KE6BZSUGIPQ8XT4ZD3ZVC16,31YWE12TFJ2YJU9MF0GSJ7F9IRV7XE,A2P6TSH9SEDAC,2024-03-14T01:12:09.627Z,generate,Practice,2,Table,FOR WOOD USE PRODUCT,1
33FOTY3KE6BZSUGIPQ8XT4ZD3ZVC16,31YWE12TFJ2YJU9MF0GSJ7F9IRV7XE,A2P6TSH9SEDAC,2024-03-14T01:12:09.627Z,generate,Practice,2,Table,,2
33FOTY3KE6BZSUGIPQ8XT4ZD3ZVC16,31YWE12TFJ2YJU9MF0GSJ7F9IRV7XE,A2P6TSH9SEDAC,2024-03-14T01:12:09.627Z,generate,Practice,2,Table,,3
33FOTY3KE6BZSUGIPQ8XT4ZD3ZVC16,31YWE12TFJ2YJU9MF0GSJ7F9IRV7XE,A2P6TSH9SEDAC,2024-03-14T01:12:09.627Z,generate,Practice,2,Table,BOOK STAND,4
33FOTY3KE6BZSUGIPQ8XT4ZD3ZVC16,31YWE12TFJ2YJU9MF0GSJ7F9IRV7XE,A2P6TSH9SEDAC,2024-03-14T01:12:09.627Z,generate,Practice,3,Bottle,PLANT POT,0
33FOTY3KE6BZSUGIPQ8XT4ZD3ZVC16,31YWE12TFJ2YJU9MF0GSJ7F9IRV7XE,A2P6TSH9SEDAC,2024-03-14T01:12:09.627Z,generate,Practice,3,Bottle,SAVE WATER,1
33FOTY3KE6BZSUGIPQ8XT4ZD3ZVC16,31YWE12TFJ2YJU9MF0GSJ7F9IRV7XE,A2P6TSH9SEDAC,2024-03-14T01:12:09.627Z,generate,Practice,3,Bottle,PEN STICK,2
33FOTY3KE6BZSUGIPQ8XT4ZD3ZVC16,31YWE12TFJ2YJU9MF0GSJ7F9IRV7XE,A2P6TSH9SEDAC,2024-03-14T01:12:09.627Z,generate,Practice,3,Bottle,PEN STAND,3
33FOTY3KE6BZSUGIPQ8XT4ZD3ZVC16,31YWE12TFJ2YJU9MF0GSJ7F9IRV7XE,A2P6TSH9SEDAC,2024-03-14T01:12:09.627Z,generate,Test,4,Pants,TO STITCH DESIHN CLOTH,0
33FOTY3KE6BZSUGIPQ8XT4ZD3ZVC16,31YWE12TFJ2YJU9MF0GSJ7F9IRV7XE,A2P6TSH9SEDAC,2024-03-14T01:12:09.627Z,generate,Test,4,Pants,TO STITCH AS TROWSER,1
3M1CVSFP6KVZGJ31QR2LOAHXB9IQAV,31YWE12TFJ2YJU9MF0GSJ7F9IRV7XE,AJJQ1GYYH8VR2,2024-03-14T02:50:21.382Z,absent,Practice,1,Lightbulb,LED,0
3M1CVSFP6KVZGJ31QR2LOAHXB9IQAV,31YWE12TFJ2YJU9MF0GSJ7F9IRV7XE,AJJQ1GYYH8VR2,2024-03-14T02:50:21.382Z,absent,Practice,1,Lightbulb,CFL,1
3M1CVSFP6KVZGJ31QR2LOAHXB9IQAV,31YWE12TFJ2YJU9MF0GSJ7F9IRV7XE,AJJQ1GYYH8VR2,2024-03-14T02:50:21.382Z,absent,Practice,1,Lightbulb,,2
3M1CVSFP6KVZGJ31QR2LOAHXB9IQAV,31YWE12TFJ2YJU9MF0GSJ7F9IRV7XE,AJJQ1GYYH8VR2,2024-03-14T02:50:21.382Z,absent,Practice,1,Lightbulb,SOLAR POWER LIGHTING SOLUTION,3
3M1CVSFP6KVZGJ31QR2LOAHXB9IQAV,31YWE12TFJ2YJU9MF0GSJ7F9IRV7XE,AJJQ1GYYH8VR2,2024-03-14T02:50:21.382Z,absent,Practice,2,Toothbrush,USING YOUR FINGER,0
3M1CVSFP6KVZGJ31QR2LOAHXB9IQAV,31YWE12TFJ2YJU9MF0GSJ7F9IRV7XE,AJJQ1GYYH8VR2,2024-03-14T02:50:21.382Z,absent,Practice,2,Toothbrush,BAKING SODA,1
3M1CVSFP6KVZGJ31QR2LOAHXB9IQAV,31YWE12TFJ2YJU9MF0GSJ7F9IRV7XE,AJJQ1GYYH8VR2,2024-03-14T02:50:21.382Z,absent,Practice,2,Toothbrush,MOUTHWASH,2
3M1CVSFP6KVZGJ31QR2LOAHXB9IQAV,31YWE12TFJ2YJU9MF0GSJ7F9IRV7XE,AJJQ1GYYH8VR2,2024-03-14T02:50:21.382Z,absent,Practice,2,Toothbrush,FLOSS,3
3M1CVSFP6KVZGJ31QR2LOAHXB9IQAV,31YWE12TFJ2YJU9MF0GSJ7F9IRV7XE,AJJQ1GYYH8VR2,2024-03-14T02:50:21.382Z,absent,Practice,2,Toothbrush,CHEWING GUM,4
3M1CVSFP6KVZGJ31QR2LOAHXB9IQAV,31YWE12TFJ2YJU9MF0GSJ7F9IRV7XE,AJJQ1GYYH8VR2,2024-03-14T02:50:21.382Z,absent,Test,4,Ball,STONE ,0
3M1CVSFP6KVZGJ31QR2LOAHXB9IQAV,31YWE12TFJ2YJU9MF0GSJ7F9IRV7XE,AJJQ1GYYH8VR2,2024-03-14T02:50:21.382Z,absent,Test,4,Ball,ROCK,1
3M81GAB8AK94ZT8TW52HJL13TRGBQO,31YWE12TFJ2YJU9MF0GSJ7F9IRV7XE,A1M7R2XY0YNLHG,2024-03-14T02:56:19.315Z,coach,Practice,1,Table,person eat to meals.,0
3M81GAB8AK94ZT8TW52HJL13TRGBQO,31YWE12TFJ2YJU9MF0GSJ7F9IRV7XE,A1M7R2XY0YNLHG,2024-03-14T02:56:19.315Z,coach,Practice,2,Toothbrush,clean to  bottles,0
3M81GAB8AK94ZT8TW52HJL13TRGBQO,31YWE12TFJ2YJU9MF0GSJ7F9IRV7XE,A1M7R2XY0YNLHG,2024-03-14T02:56:19.315Z,coach,Practice,2,Toothbrush,Remove crayon,1
3M81GAB8AK94ZT8TW52HJL13TRGBQO,31YWE12TFJ2YJU9MF0GSJ7F9IRV7XE,A1M7R2XY0YNLHG,2024-03-14T02:56:19.315Z,coach,Practice,3,Shoe,Turn baby shoes into pin cushions.,0
3M81GAB8AK94ZT8TW52HJL13TRGBQO,31YWE12TFJ2YJU9MF0GSJ7F9IRV7XE,A1M7R2XY0YNLHG,2024-03-14T02:56:19.315Z,coach,Test,4,Tire,Tire planter,0
3M81GAB8AK94ZT8TW52HJL13TRGBQO,31YWE12TFJ2YJU9MF0GSJ7F9IRV7XE,A1M7R2XY0YNLHG,2024-03-14T02:56:19.315Z,coach,Test,4,Tire,Rubber mulch,1
3M81GAB8AK94ZT8TW52HJL13TRGBQO,31YWE12TFJ2YJU9MF0GSJ7F9IRV7XE,A1M7R2XY0YNLHG,2024-03-14T02:56:19.315Z,coach,Test,4,Tire,Tire swings,2
